Year,Month,BRA ID,Exports,Imports,Export Weight,Import Weight,Product Diversity,Effective Product Diversity,Export Destination Diversity,Effective Export Destination Diversity,Nominal Export Growth (1 year),Nominal Import Growth (1 year),Nominal Export Growth (5 year),Nominal Import Growth (5 year),Economic Complexity,Year,Month,BRA ID,Exports,Imports,Export Weight,Import Weight,Product Diversity,Effective Product Diversity,Export Destination Diversity,Effective Export Destination Diversity,Nominal Export Growth (1 year),Nominal Import Growth (1 year),Nominal Export Growth (5 year),Nominal Import Growth (5 year),Economic Complexity
2016,0,0xx0000,34340349.000,3681.000,161851211.000,23.000,8,1.981,19,8.442,,,,,,2016,0,0xx0000,34340349.000,3681.000,161851211.000,23.000,8,1.981,19,8.442,,,,,
2016,0,1ac0100,6694017.000,198990.000,11329676.000,172390.000,122,11.338,7,2.496,,,,,,2016,0,1ac0100,6694017.000,198990.000,11329676.000,172390.000,122,11.338,7,2.496,,,,,
2016,0,1ac0101,625710.000,204823.000,690515.000,433166.000,5,3.795,8,4.716,,,,,,2016,0,1ac0101,625710.000,204823.000,690515.000,433166.000,5,3.795,8,4.716,,,,,
2016,0,1ac0102,148238.000,,188234.000,,1,1.000,1,1.000,,,,,,2016,0,1ac0102,148238.000,,188234.000,,1,1.000,1,1.000,,,,,
2016,0,1am0000,,1174177.000,,96875.000,0,,0,,,,,,,2016,0,1am0000,,1174177.000,,96875.000,0,,0,,,,,,
2016,0,1am0001,15191819.000,7914905.000,40649448.000,18947226.000,4,1.932,24,3.378,,,,,,2016,0,1am0001,15191819.000,7914905.000,40649448.000,18947226.000,4,1.932,24,3.378,,,,,
2016,0,1am0002,143751816.000,1420344127.000,20383880.000,318975293.000,153,10.914,67,11.592,,,,,,2016,0,1am0002,143751816.000,1420344127.000,20383880.000,318975293.000,153,10.914,67,11.592,,,,,
2016,0,1am0003,55996.000,3715.000,4815.000,144.000,1,1.000,1,1.000,,,,,,2016,0,1am0003,55996.000,3715.000,4815.000,144.000,1,1.000,1,1.000,,,,,
2016,0,1am0004,5107346.000,947326.000,299000.000,493074.000,2,1.913,8,4.739,,,,,,2016,0,1am0004,5107346.000,947326.000,299000.000,493074.000,2,1.913,8,4.739,,,,,
2016,0,1am0005,,9460.000,,30.000,0,,0,,,,,,,2016,0,1am0005,,9460.000,,30.000,0,,0,,,,,,
2016,0,1am0200,,80264.000,,19097.000,0,,0,,,,,,,2016,0,1am0200,,80264.000,,19097.000,0,,0,,,,,,
2016,0,1ap0100,64930593.000,2345894.000,140184704.000,1047281.000,7,1.855,10,5.207,,,,,,2016,0,1ap0100,64930593.000,2345894.000,140184704.000,1047281.000,7,1.855,10,5.207,,,,,
2016,0,1pa0000,41759706.000,606168.000,106817463.000,342286.000,3,2.778,6,2.670,,,,,,2016,0,1pa0000,41759706.000,606168.000,106817463.000,342286.000,3,2.778,6,2.670,,,,,
2016,0,1pa0001,60307635.000,1493687.000,2147483647.000,60183.000,5,1.052,8,4.631,,,,,,2016,0,1pa0001,60307635.000,1493687.000,2147483647.000,60183.000,5,1.052,8,4.631,,,,,
2016,0,1pa0002,6686317.000,156776.000,12173907.000,544717.000,5,2.861,26,8.555,,,,,,2016,0,1pa0002,6686317.000,156776.000,12173907.000,544717.000,5,2.861,26,8.555,,,,,
2016,0,1pa0101,777752.000,,672958.000,,4,3.111,10,4.877,,,,,,2016,0,1pa0101,777752.000,,672958.000,,4,3.111,10,4.877,,,,,
2016,0,1pa0200,594772999.000,110343376.000,2032854219.000,577671360.000,86,3.931,73,13.168,,,,,,2016,0,1pa0200,594772999.000,110343376.000,2032854219.000,577671360.000,86,3.931,73,13.168,,,,,
2016,0,1pa0201,56511638.000,763309.000,7470303.000,777755.000,10,1.467,33,7.230,,,,,,2016,0,1pa0201,56511638.000,763309.000,7470303.000,777755.000,10,1.467,33,7.230,,,,,
2016,0,1pa0300,1131111.000,1329321.000,148776.000,9000000.000,4,3.362,5,2.871,,,,,,2016,0,1pa0300,1131111.000,1329321.000,148776.000,9000000.000,4,3.362,5,2.871,,,,,
2016,0,1pa0301,20017929.000,,10096674.000,,4,1.088,7,3.744,,,,,,2016,0,1pa0301,20017929.000,,10096674.000,,4,1.088,7,3.744,,,,,
2016,0,1pa0302,,275026.000,,148651.000,0,,0,,,,,,,2016,0,1pa0302,,275026.000,,148651.000,0,,0,,,,,,
2016,0,1pa0303,253380.000,,43034.000,,13,1.872,3,2.660,,,,,,2016,0,1pa0303,253380.000,,43034.000,,13,1.872,3,2.660,,,,,
2016,0,1pa0304,12611248.000,,11101100.000,,15,4.429,10,6.582,,,,,,2016,0,1pa0304,12611248.000,,11101100.000,,15,4.429,10,6.582,,,,,
2016,0,1pa0400,11720742.000,1573.000,12291995.000,45.000,6,4.669,15,7.686,,,,,,2016,0,1pa0400,11720742.000,1573.000,12291995.000,45.000,6,4.669,15,7.686,,,,,
2016,0,1pa0401,251159901.000,30909677.000,149288568.000,16148055.000,10,1.360,20,5.923,,,,,,2016,0,1pa0401,251159901.000,30909677.000,149288568.000,16148055.000,10,1.360,20,5.923,,,,,
2016,0,1pa0402,4333010.000,44368.000,10570713.000,1117.000,5,2.318,12,5.248,,,,,,2016,0,1pa0402,4333010.000,44368.000,10570713.000,1117.000,5,2.318,12,5.248,,,,,
2016,0,1pa0403,843546643.000,174356844.000,2147483647.000,21847651.000,29,1.659,30,7.095,,,,,,2016,0,1pa0403,843546643.000,174356844.000,2147483647.000,21847651.000,29,1.659,30,7.095,,,,,
2016,0,1pa0404,24403443.000,588910.000,8305042.000,798300.000,6,2.817,22,6.895,,,,,,2016,0,1pa0404,24403443.000,588910.000,8305042.000,798300.000,6,2.817,22,6.895,,,,,
2016,0,1pa0405,69804674.000,2400399.000,26819903.000,49186792.000,6,2.104,13,8.570,,,,,,2016,0,1pa0405,69804674.000,2400399.000,26819903.000,49186792.000,6,2.104,13,8.570,,,,,
2016,0,1pa0406,16954314.000,38530.000,6757500.000,14224.000,2,1.012,3,1.806,,,,,,2016,0,1pa0406,16954314.000,38530.000,6757500.000,14224.000,2,1.012,3,1.806,,,,,
2016,0,1pa0500,170567.000,15935.000,175676.000,28.000,2,1.749,4,3.168,,,,,,2016,0,1pa0500,170567.000,15935.000,175676.000,28.000,2,1.749,4,3.168,,,,,
2016,0,1pa0501,8843214.000,74234.000,2349709.000,60412.000,3,1.930,8,2.420,,,,,,2016,0,1pa0501,8843214.000,74234.000,2349709.000,60412.000,3,1.930,8,2.420,,,,,
2016,0,1ro0000,11466133.000,,4460533.000,,5,1.762,7,2.501,,,,,,2016,0,1ro0000,11466133.000,,4460533.000,,5,1.762,7,2.501,,,,,
2016,0,1ro0001,6323793.000,19972.000,6333015.000,651.000,10,4.859,22,9.127,,,,,,2016,0,1ro0001,6323793.000,19972.000,6333015.000,651.000,10,4.859,22,9.127,,,,,
2016,0,1ro0002,18189746.000,16815.000,7047364.000,126153.000,12,3.786,31,12.229,,,,,,2016,0,1ro0002,18189746.000,16815.000,7047364.000,126153.000,12,3.786,31,12.229,,,,,
2016,0,1ro0003,11661303.000,,32950402.000,,2,1.232,10,4.578,,,,,,2016,0,1ro0003,11661303.000,,32950402.000,,2,1.232,10,4.578,,,,,
2016,0,1ro0004,36669723.000,7536214.000,15609046.000,3661457.000,11,2.721,24,4.859,,,,,,2016,0,1ro0004,36669723.000,7536214.000,15609046.000,3661457.000,11,2.721,24,4.859,,,,,
2016,0,1ro0005,93622536.000,5217915.000,83439524.000,1806473.000,13,3.000,33,10.949,,,,,,2016,0,1ro0005,93622536.000,5217915.000,83439524.000,1806473.000,13,3.000,33,10.949,,,,,
2016,0,1ro0100,13927127.000,28351.000,15806464.000,147600.000,331,57.949,1,1.000,,,,,,2016,0,1ro0100,13927127.000,28351.000,15806464.000,147600.000,331,57.949,1,1.000,,,,,
2016,0,1ro0101,10284931.000,107180203.000,33176859.000,66257243.000,26,4.299,21,9.521,,,,,,2016,0,1ro0101,10284931.000,107180203.000,33176859.000,66257243.000,26,4.299,21,9.521,,,,,
2016,0,1rr0000,227086.000,1860702.000,699021.000,1110351.000,10,4.904,4,2.081,,,,,,2016,0,1rr0000,227086.000,1860702.000,699021.000,1110351.000,10,4.904,4,2.081,,,,,
2016,0,1rr0001,14355.000,,13900.000,,1,1.000,1,1.000,,,,,,2016,0,1rr0001,14355.000,,13900.000,,1,1.000,1,1.000,,,,,
2016,0,1rr0100,209096.000,,400562.000,,2,1.535,3,2.370,,,,,,2016,0,1rr0100,209096.000,,400562.000,,2,1.535,3,2.370,,,,,
2016,0,1to0000,26705721.000,736202.000,8399585.000,793552.000,6,3.159,21,9.994,,,,,,2016,0,1to0000,26705721.000,736202.000,8399585.000,793552.000,6,3.159,21,9.994,,,,,
2016,0,1to0001,1501520.000,,1234498.000,,1,1.000,9,5.013,,,,,,2016,0,1to0001,1501520.000,,1234498.000,,1,1.000,9,5.013,,,,,
2016,0,1to0002,26599921.000,6916.000,49979385.000,232.000,8,3.137,14,4.022,,,,,,2016,0,1to0002,26599921.000,6916.000,49979385.000,232.000,8,3.137,14,4.022,,,,,
2016,0,1to0003,2493112.000,,6265067.000,,3,2.864,6,4.687,,,,,,2016,0,1to0003,2493112.000,,6265067.000,,3,2.864,6,4.687,,,,,
2016,0,1to0004,878472.000,44375.000,296890.000,3831.000,2,1.340,2,1.354,,,,,,2016,0,1to0004,878472.000,44375.000,296890.000,3831.000,2,1.340,2,1.354,,,,,
2016,0,1to0100,102681.000,10687.000,75122.000,10.000,1,1.000,1,1.000,,,,,,2016,0,1to0100,102681.000,10687.000,75122.000,10.000,1,1.000,1,1.000,,,,,
2016,0,1to0101,9674826.000,,27330409.000,,3,1.159,12,1.670,,,,,,2016,0,1to0101,9674826.000,,27330409.000,,3,1.159,12,1.670,,,,,
2016,0,1to0102,29089151.000,20648201.000,84123569.000,35443711.000,4,2.557,9,2.791,,,,,,2016,0,1to0102,29089151.000,20648201.000,84123569.000,35443711.000,4,2.557,9,2.791,,,,,
2016,0,2al0000,1577460.000,3441131.000,64858.000,1564207.000,1,1.000,4,2.415,,,,,,2016,0,2al0000,1577460.000,3441131.000,64858.000,1564207.000,1,1.000,4,2.415,,,,,
2016,0,2al0100,55326.000,1544244.000,52643.000,312299.000,3,2.822,4,2.288,,,,,,2016,0,2al0100,55326.000,1544244.000,52643.000,312299.000,3,2.822,4,2.288,,,,,
2016,0,2al0101,75046434.000,150429204.000,215787096.000,227877484.000,17,2.289,34,8.409,,,,,,2016,0,2al0101,75046434.000,150429204.000,215787096.000,227877484.000,17,2.289,34,8.409,,,,,
2016,0,2al0102,22862687.000,,75750106.000,,2,1.379,5,3.895,,,,,,2016,0,2al0102,22862687.000,,75750106.000,,2,1.379,5,3.895,,,,,
2016,0,2al0104,24986317.000,108983.000,79142008.000,2197.000,1,1.000,5,4.278,,,,,,2016,0,2al0104,24986317.000,108983.000,79142008.000,2197.000,1,1.000,5,4.278,,,,,
2016,0,2al0105,2595343.000,,9369000.000,,1,1.000,4,2.742,,,,,,2016,0,2al0105,2595343.000,,9369000.000,,1,1.000,4,2.742,,,,,
2016,0,2ba0000,39999073.000,31198332.000,11925870.000,11862187.000,33,5.666,46,11.380,,,,,,2016,0,2ba0000,39999073.000,31198332.000,11925870.000,11862187.000,33,5.666,46,11.380,,,,,
2016,0,2ba0001,24343.000,705984.000,263580.000,841556.000,1,1.000,1,1.000,,,,,,2016,0,2ba0001,24343.000,705984.000,263580.000,841556.000,1,1.000,1,1.000,,,,,
2016,0,2ba0002,1805153.000,158975.000,2719199.000,22671.000,5,2.315,25,12.875,,,,,,2016,0,2ba0002,1805153.000,158975.000,2719199.000,22671.000,5,2.315,25,12.875,,,,,
2016,0,2ba0003,37628878.000,1927497.000,1057.000,732831.000,1,1.000,1,1.000,,,,,,2016,0,2ba0003,37628878.000,1927497.000,1057.000,732831.000,1,1.000,1,1.000,,,,,
2016,0,2ba0004,285653.000,975837.000,33149.000,50212.000,2,1.190,3,1.656,,,,,,2016,0,2ba0004,285653.000,975837.000,33149.000,50212.000,2,1.190,3,1.656,,,,,
2016,0,2ba0100,95629.000,,154760.000,,2,1.838,3,2.789,,,,,,2016,0,2ba0100,95629.000,,154760.000,,2,1.838,3,2.789,,,,,
2016,0,2ba0101,11709187.000,164316.000,25301865.000,4178.000,4,2.582,27,10.852,,,,,,2016,0,2ba0101,11709187.000,164316.000,25301865.000,4178.000,4,2.582,27,10.852,,,,,
2016,0,2ba0102,,162987.000,,19246.000,0,,0,,,,,,,2016,0,2ba0102,,162987.000,,19246.000,0,,0,,,,,,
2016,0,2ba0103,4042571.000,225818.000,712935.000,163059.000,7,4.172,13,5.437,,,,,,2016,0,2ba0103,4042571.000,225818.000,712935.000,163059.000,7,4.172,13,5.437,,,,,
2016,0,2ba0104,6464962.000,1999925.000,1234402.000,271903.000,8,2.005,24,8.212,,,,,,2016,0,2ba0104,6464962.000,1999925.000,1234402.000,271903.000,8,2.005,24,8.212,,,,,
2016,0,2ba0105,999677.000,188225.000,1604508.000,144900.000,3,2.692,7,3.734,,,,,,2016,0,2ba0105,999677.000,188225.000,1604508.000,144900.000,3,2.692,7,3.734,,,,,
2016,0,2ba0106,601317.000,70977.000,147971.000,35556.000,3,1.380,6,4.801,,,,,,2016,0,2ba0106,601317.000,70977.000,147971.000,35556.000,3,1.380,6,4.801,,,,,
2016,0,2ba0107,6953358.000,1765198.000,1781726.000,1289613.000,5,2.178,11,5.576,,,,,,2016,0,2ba0107,6953358.000,1765198.000,1781726.000,1289613.000,5,2.178,11,5.576,,,,,
2016,0,2ba0200,163231276.000,2759597.000,331471831.000,17356131.000,10,3.354,28,11.534,,,,,,2016,0,2ba0200,163231276.000,2759597.000,331471831.000,17356131.000,10,3.354,28,11.534,,,,,
2016,0,2ba0201,,4260326.000,,1158835.000,0,,0,,,,,,,2016,0,2ba0201,,4260326.000,,1158835.000,0,,0,,,,,,
2016,0,2ba0202,7554296.000,21684.000,5401417.000,25160.000,2,1.148,13,7.140,,,,,,2016,0,2ba0202,7554296.000,21684.000,5401417.000,25160.000,2,1.148,13,7.140,,,,,
2016,0,2ba0300,38728678.000,28670942.000,35119243.000,7613250.000,15,1.394,25,5.264,,,,,,2016,0,2ba0300,38728678.000,28670942.000,35119243.000,7613250.000,15,1.394,25,5.264,,,,,
2016,0,2ba0301,763945514.000,1098890048.000,900495345.000,1746634727.000,179,20.044,90,10.193,,,,,,2016,0,2ba0301,763945514.000,1098890048.000,900495345.000,1746634727.000,179,20.044,90,10.193,,,,,
2016,0,2ba0302,31854937.000,4270919.000,7363664.000,2113416.000,12,2.478,28,10.017,,,,,,2016,0,2ba0302,31854937.000,4270919.000,7363664.000,2113416.000,12,2.478,28,10.017,,,,,
2016,0,2ba0400,27245730.000,11449060.000,3501144.000,19176171.000,6,1.739,21,3.250,,,,,,2016,0,2ba0400,27245730.000,11449060.000,3501144.000,19176171.000,6,1.739,21,3.250,,,,,
2016,0,2ba0401,,96654.000,,14690.000,0,,0,,,,,,,2016,0,2ba0401,,96654.000,,14690.000,0,,0,,,,,,
2016,0,2ba0402,,100579.000,,6136.000,0,,0,,,,,,,2016,0,2ba0402,,100579.000,,6136.000,0,,0,,,,,,
2016,0,2ba0404,533363.000,,928480.000,,1,1.000,5,2.714,,,,,,2016,0,2ba0404,533363.000,,928480.000,,1,1.000,5,2.714,,,,,
2016,0,2ba0405,25035686.000,313007.000,14696695.000,102992.000,6,2.584,36,7.749,,,,,,2016,0,2ba0405,25035686.000,313007.000,14696695.000,102992.000,6,2.584,36,7.749,,,,,
2016,0,2ba0500,64402079.000,94897410.000,37469652.000,26810298.000,24,3.449,29,5.536,,,,,,2016,0,2ba0500,64402079.000,94897410.000,37469652.000,26810298.000,24,3.449,29,5.536,,,,,
2016,0,2ba0501,242414380.000,1754403.000,615986790.000,4497620.000,15,1.425,49,6.403,,,,,,2016,0,2ba0501,242414380.000,1754403.000,615986790.000,4497620.000,15,1.425,49,6.403,,,,,
2016,0,2ba0502,4175525.000,148591.000,1001450.000,67868.000,8,3.742,15,6.957,,,,,,2016,0,2ba0502,4175525.000,148591.000,1001450.000,67868.000,8,3.742,15,6.957,,,,,
2016,0,2ba0602,10636689.000,1094544.000,8686416.000,841963.000,12,1.558,20,5.283,,,,,,2016,0,2ba0602,10636689.000,1094544.000,8686416.000,841963.000,12,1.558,20,5.283,,,,,
2016,0,2ba0603,53467.000,17083.000,8982.000,0.000,1,1.000,1,1.000,,,,,,2016,0,2ba0603,53467.000,17083.000,8982.000,0.000,1,1.000,1,1.000,,,,,
2016,0,2ce0000,,400.000,,66.000,0,,0,,,,,,,2016,0,2ce0000,,400.000,,66.000,0,,0,,,,,,
2016,0,2ce0002,,154070.000,,158899.000,0,,0,,,,,,,2016,0,2ce0002,,154070.000,,158899.000,0,,0,,,,,,
2016,0,2ce0100,5523049.000,4665230.000,5985269.000,2160429.000,10,2.421,16,6.819,,,,,,2016,0,2ce0100,5523049.000,4665230.000,5985269.000,2160429.000,10,2.421,16,6.819,,,,,
2016,0,2ce0101,23268136.000,3483714.000,30981735.000,2417302.000,9,1.893,18,4.352,,,,,,2016,0,2ce0101,23268136.000,3483714.000,30981735.000,2417302.000,9,1.893,18,4.352,,,,,
2016,0,2ce0102,250.000,,29.000,,1,1.000,1,1.000,,,,,,2016,0,2ce0102,250.000,,29.000,,1,1.000,1,1.000,,,,,
2016,0,2ce0103,,314247.000,,70696.000,0,,0,,,,,,,2016,0,2ce0103,,314247.000,,70696.000,0,,0,,,,,,
2016,0,2ce0200,90947255.000,228133229.000,73187591.000,395965069.000,172,17.906,93,17.901,,,,,,2016,0,2ce0200,90947255.000,228133229.000,73187591.000,395965069.000,172,17.906,93,17.901,,,,,
2016,0,2ce0201,8012362.000,12054756.000,916113.000,1839186.000,14,5.371,16,4.210,,,,,,2016,0,2ce0201,8012362.000,12054756.000,916113.000,1839186.000,14,5.371,16,4.210,,,,,
2016,0,2ce0301,4791380.000,1408937.000,177469.000,502371.000,5,1.641,7,3.661,,,,,,2016,0,2ce0301,4791380.000,1408937.000,177469.000,502371.000,5,1.641,7,3.661,,,,,
2016,0,2ce0303,7894075.000,1752109.000,1040683.000,473463.000,11,2.761,28,6.275,,,,,,2016,0,2ce0303,7894075.000,1752109.000,1040683.000,473463.000,11,2.761,28,6.275,,,,,
2016,0,2ce0305,308595.000,392069.000,578305.000,89101.000,2,1.335,2,1.335,,,,,,2016,0,2ce0305,308595.000,392069.000,578305.000,89101.000,2,1.335,2,1.335,,,,,
2016,0,2ce0306,37247964.000,5692525.000,4252817.000,33668061.000,25,1.214,78,35.530,,,,,,2016,0,2ce0306,37247964.000,5692525.000,4252817.000,33668061.000,25,1.214,78,35.530,,,,,
2016,0,2ce0400,1433392.000,230330009.000,1507572.000,1484224665.000,3,1.662,9,4.348,,,,,,2016,0,2ce0400,1433392.000,230330009.000,1507572.000,1484224665.000,3,1.662,9,4.348,,,,,
2016,0,2ce0401,,4885.000,,8956.000,0,,0,,,,,,,2016,0,2ce0401,,4885.000,,8956.000,0,,0,,,,,,
2016,0,2ce0402,304146.000,218777.000,21275.000,72180.000,1,1.000,1,1.000,,,,,,2016,0,2ce0402,304146.000,218777.000,21275.000,72180.000,1,1.000,1,1.000,,,,,
2016,0,2ce0403,34783626.000,3444625.000,5849164.000,1678257.000,8,1.378,24,7.195,,,,,,2016,0,2ce0403,34783626.000,3444625.000,5849164.000,1678257.000,8,1.378,24,7.195,,,,,
2016,0,2ce0405,7135506.000,2303426.000,5224575.000,917301.000,3,1.623,11,2.855,,,,,,2016,0,2ce0405,7135506.000,2303426.000,5224575.000,917301.000,3,1.623,11,2.855,,,,,
2016,0,2ce0406,,279313.000,,20663.000,0,,0,,,,,,,2016,0,2ce0406,,279313.000,,20663.000,0,,0,,,,,,
2016,0,2ce0407,17561301.000,1339579.000,585224.000,195782.000,5,2.047,34,5.229,,,,,,2016,0,2ce0407,17561301.000,1339579.000,585224.000,195782.000,5,2.047,34,5.229,,,,,
2016,0,2ce0502,2774892.000,370541.000,1472407.000,37127.000,8,4.160,19,6.220,,,,,,2016,0,2ce0502,2774892.000,370541.000,1472407.000,37127.000,8,4.160,19,6.220,,,,,
2016,0,2ce0503,346641.000,28730.000,25887.000,25555.000,3,2.149,5,3.428,,,,,,2016,0,2ce0503,346641.000,28730.000,25887.000,25555.000,3,2.149,5,3.428,,,,,
2016,0,2ce0601,,789976.000,,35669.000,0,,0,,,,,,,2016,0,2ce0601,,789976.000,,35669.000,0,,0,,,,,,
2016,0,2ce0602,554012.000,2891426.000,84145.000,1042831.000,5,3.399,11,6.735,,,,,,2016,0,2ce0602,554012.000,2891426.000,84145.000,1042831.000,5,3.399,11,6.735,,,,,
2016,0,2ma0000,678816.000,32400.000,74400.000,0.000,1,1.000,2,2.000,,,,,,2016,0,2ma0000,678816.000,32400.000,74400.000,0.000,1,1.000,2,2.000,,,,,
2016,0,2ma0001,96891.000,2247337.000,28800.000,178501.000,1,1.000,1,1.000,,,,,,2016,0,2ma0001,96891.000,2247337.000,28800.000,178501.000,1,1.000,1,1.000,,,,,
2016,0,2ma0101,,595685.000,,1247534.000,0,,0,,,,,,,2016,0,2ma0101,,595685.000,,1247534.000,0,,0,,,,,,
2016,0,2ma0104,,184729.000,,637145.000,0,,0,,,,,,,2016,0,2ma0104,,184729.000,,637145.000,0,,0,,,,,,
2016,0,2ma0200,207965475.000,603822740.000,970929360.000,2031732471.000,4,1.134,27,7.839,,,,,,2016,0,2ma0200,207965475.000,603822740.000,970929360.000,2031732471.000,4,1.134,27,7.839,,,,,
2016,0,2ma0201,67500.000,,0.000,,1,1.000,1,1.000,,,,,,2016,0,2ma0201,67500.000,,0.000,,1,1.000,1,1.000,,,,,
2016,0,2ma0202,,2222884.000,,2896846.000,0,,0,,,,,,,2016,0,2ma0202,,2222884.000,,2896846.000,0,,0,,,,,,
2016,0,2ma0203,10.000,,25.000,,1,1.000,1,1.000,,,,,,2016,0,2ma0203,10.000,,25.000,,1,1.000,1,1.000,,,,,
2016,0,2ma0205,2199591.000,,6868140.000,,1,1.000,1,1.000,,,,,,2016,0,2ma0205,2199591.000,,6868140.000,,1,1.000,1,1.000,,,,,
2016,0,2ma0301,219890735.000,4132306.000,542978140.000,62841480.000,7,1.587,14,5.708,,,,,,2016,0,2ma0301,219890735.000,4132306.000,542978140.000,62841480.000,7,1.587,14,5.708,,,,,
2016,0,2ma0302,23107638.000,,94733640.000,,4,2.986,7,6.044,,,,,,2016,0,2ma0302,23107638.000,,94733640.000,,4,2.986,7,6.044,,,,,
2016,0,2ma0401,39564688.000,2895212.000,102947412.000,8154111.000,5,2.686,17,5.315,,,,,,2016,0,2ma0401,39564688.000,2895212.000,102947412.000,8154111.000,5,2.686,17,5.315,,,,,
2016,0,2ma0402,18628044.000,,51949659.000,,3,1.729,5,2.216,,,,,,2016,0,2ma0402,18628044.000,,51949659.000,,3,1.729,5,2.216,,,,,
2016,0,2pb0001,16376348.000,8380741.000,2836341.000,18619661.000,11,1.306,49,15.423,,,,,,2016,0,2pb0001,16376348.000,8380741.000,2836341.000,18619661.000,11,1.306,49,15.423,,,,,
2016,0,2pb0003,111408.000,,526920.000,,1,1.000,1,1.000,,,,,,2016,0,2pb0003,111408.000,,526920.000,,1,1.000,1,1.000,,,,,
2016,0,2pb0004,,899216.000,,4409569.000,0,,0,,,,,,,2016,0,2pb0004,,899216.000,,4409569.000,0,,0,,,,,,
2016,0,2pb0005,,1481063.000,,9009637.000,0,,0,,,,,,,2016,0,2pb0005,,1481063.000,,9009637.000,0,,0,,,,,,
2016,0,2pb0102,105640.000,,400000.000,,1,1.000,2,1.975,,,,,,2016,0,2pb0102,105640.000,,400000.000,,1,1.000,2,1.975,,,,,
2016,0,2pb0103,664584.000,,1846165.000,,4,3.402,5,3.893,,,,,,2016,0,2pb0103,664584.000,,1846165.000,,4,3.402,5,3.893,,,,,
2016,0,2pb0200,11241582.000,55841495.000,19404969.000,132085407.000,53,8.747,28,8.382,,,,,,2016,0,2pb0200,11241582.000,55841495.000,19404969.000,132085407.000,53,8.747,28,8.382,,,,,
2016,0,2pb0201,2022964.000,493044.000,3898793.000,341753.000,5,3.334,9,5.796,,,,,,2016,0,2pb0201,2022964.000,493044.000,3898793.000,341753.000,5,3.334,9,5.796,,,,,
2016,0,2pb0202,3707507.000,1050535.000,6403732.000,657097.000,1,1.000,2,1.641,,,,,,2016,0,2pb0202,3707507.000,1050535.000,6403732.000,657097.000,1,1.000,2,1.641,,,,,
2016,0,2pb0300,,341579.000,,523161.000,0,,0,,,,,,,2016,0,2pb0300,,341579.000,,523161.000,0,,0,,,,,,
2016,0,2pb0301,6042.000,1184558.000,876.000,515469.000,2,1.367,1,1.000,,,,,,2016,0,2pb0301,6042.000,1184558.000,876.000,515469.000,2,1.367,1,1.000,,,,,
2016,0,2pe0000,1037.000,2654784.000,59.000,969510.000,4,2.714,1,1.000,,,,,,2016,0,2pe0000,1037.000,2654784.000,59.000,969510.000,4,2.714,1,1.000,,,,,
2016,0,2pe0002,,940629.000,,4801000.000,0,,0,,,,,,,2016,0,2pe0002,,940629.000,,4801000.000,0,,0,,,,,,
2016,0,2pe0003,1387847.000,65364.000,4860389.000,3850.000,2,1.406,4,1.875,,,,,,2016,0,2pe0003,1387847.000,65364.000,4860389.000,3850.000,2,1.406,4,1.875,,,,,
2016,0,2pe0004,62104.000,,2500.000,,2,1.965,3,2.713,,,,,,2016,0,2pe0004,62104.000,,2500.000,,2,1.965,3,2.713,,,,,
2016,0,2pe0005,9324811.000,31157514.000,3550694.000,11896010.000,8,1.124,8,1.562,,,,,,2016,0,2pe0005,9324811.000,31157514.000,3550694.000,11896010.000,8,1.124,8,1.562,,,,,
2016,0,2pe0100,11586528.000,599796.000,28852170.000,685371.000,4,1.362,6,2.198,,,,,,2016,0,2pe0100,11586528.000,599796.000,28852170.000,685371.000,4,1.362,6,2.198,,,,,
2016,0,2pe0101,38398972.000,186155218.000,11584576.000,34153689.000,17,2.422,43,3.253,,,,,,2016,0,2pe0101,38398972.000,186155218.000,11584576.000,34153689.000,17,2.422,43,3.253,,,,,
2016,0,2pe0102,2387209.000,8458161.000,4231597.000,4769833.000,7,2.627,13,2.984,,,,,,2016,0,2pe0102,2387209.000,8458161.000,4231597.000,4769833.000,7,2.627,13,2.984,,,,,
2016,0,2pe0201,6434199.000,37251984.000,5083313.000,63443653.000,18,5.993,15,5.771,,,,,,2016,0,2pe0201,6434199.000,37251984.000,5083313.000,63443653.000,18,5.993,15,5.771,,,,,
2016,0,2pe0202,12540071.000,187309784.000,11354455.000,265834493.000,121,20.578,46,11.597,,,,,,2016,0,2pe0202,12540071.000,187309784.000,11354455.000,265834493.000,121,20.578,46,11.597,,,,,
2016,0,2pe0203,117168950.000,461210705.000,254972211.000,840863033.000,37,6.539,38,7.125,,,,,,2016,0,2pe0203,117168950.000,461210705.000,254972211.000,840863033.000,37,6.539,38,7.125,,,,,
2016,0,2pe0300,3714408.000,,3846420.000,,1,1.000,3,1.763,,,,,,2016,0,2pe0300,3714408.000,,3846420.000,,1,1.000,3,1.763,,,,,
2016,0,2pe0301,12167543.000,1856984.000,13194071.000,1710359.000,12,5.846,20,4.208,,,,,,2016,0,2pe0301,12167543.000,1856984.000,13194071.000,1710359.000,12,5.846,20,4.208,,,,,
2016,0,2pe0400,68985.000,24746.000,356145.000,10000.000,2,1.600,5,4.775,,,,,,2016,0,2pe0400,68985.000,24746.000,356145.000,10000.000,2,1.600,5,4.775,,,,,
2016,0,2pe0401,,192301.000,,50000.000,0,,0,,,,,,,2016,0,2pe0401,,192301.000,,50000.000,0,,0,,,,,,
2016,0,2pe0403,106375.000,29673.000,267840.000,25200.000,1,1.000,1,1.000,,,,,,2016,0,2pe0403,106375.000,29673.000,267840.000,25200.000,1,1.000,1,1.000,,,,,
2016,0,2pi0000,3551051.000,,912244.000,,4,1.183,13,6.208,,,,,,2016,0,2pi0000,3551051.000,,912244.000,,4,1.183,13,6.208,,,,,
2016,0,2pi0002,3116284.000,7221012.000,2211641.000,12301725.000,5,2.904,4,2.623,,,,,,2016,0,2pi0002,3116284.000,7221012.000,2211641.000,12301725.000,5,2.904,4,2.623,,,,,
2016,0,2pi0100,930043.000,,165000.000,,1,1.000,4,3.206,,,,,,2016,0,2pi0100,930043.000,,165000.000,,1,1.000,4,3.206,,,,,
2016,0,2pi0101,4321429.000,531992.000,209292.000,130089.000,7,2.302,11,4.542,,,,,,2016,0,2pi0101,4321429.000,531992.000,209292.000,130089.000,7,2.302,11,4.542,,,,,
2016,0,2pi0200,250301.000,255554.000,76800.000,3663.000,1,1.000,1,1.000,,,,,,2016,0,2pi0200,250301.000,255554.000,76800.000,3663.000,1,1.000,1,1.000,,,,,
2016,0,2pi0201,1773772.000,,481303.000,,2,1.760,5,1.798,,,,,,2016,0,2pi0201,1773772.000,,481303.000,,2,1.760,5,1.798,,,,,
2016,0,2pi0300,5270872.000,,23834006.000,,3,2.051,3,2.734,,,,,,2016,0,2pi0300,5270872.000,,23834006.000,,3,2.051,3,2.734,,,,,
2016,0,2pi0301,560748.000,5313796.000,464192.000,21754920.000,2,1.102,3,1.580,,,,,,2016,0,2pi0301,560748.000,5313796.000,464192.000,21754920.000,2,1.102,3,1.580,,,,,
2016,0,2pi0304,,114611.000,,10000.000,0,,0,,,,,,,2016,0,2pi0304,,114611.000,,10000.000,0,,0,,,,,,
2016,0,2rn0001,1977479.000,664928.000,4268347.000,85171.000,2,1.001,3,1.798,,,,,,2016,0,2rn0001,1977479.000,664928.000,4268347.000,85171.000,2,1.001,3,1.798,,,,,
2016,0,2rn0100,140268.000,,171680.000,,2,1.939,1,1.000,,,,,,2016,0,2rn0100,140268.000,,171680.000,,2,1.939,1,1.000,,,,,
2016,0,2rn0101,6112178.000,30559.000,176928547.000,1145.000,2,1.720,5,3.024,,,,,,2016,0,2rn0101,6112178.000,30559.000,176928547.000,1145.000,2,1.720,5,3.024,,,,,
2016,0,2rn0102,37621.000,,140504.000,,1,1.000,2,1.936,,,,,,2016,0,2rn0102,37621.000,,140504.000,,1,1.000,2,1.936,,,,,
2016,0,2rn0103,2446433.000,48840.000,2560551.000,50000.000,5,4.033,7,5.138,,,,,,2016,0,2rn0103,2446433.000,48840.000,2560551.000,50000.000,5,4.033,7,5.138,,,,,
2016,0,2rn0104,94275.000,430761.000,13000.000,9401.000,1,1.000,1,1.000,,,,,,2016,0,2rn0104,94275.000,430761.000,13000.000,9401.000,1,1.000,1,1.000,,,,,
2016,0,2rn0200,782532.000,122757.000,879339.000,2041.000,2,1.980,8,6.289,,,,,,2016,0,2rn0200,782532.000,122757.000,879339.000,2041.000,2,1.980,8,6.289,,,,,
2016,0,2rn0201,1491766.000,123846.000,2372850.000,20360.000,2,1.771,2,1.771,,,,,,2016,0,2rn0201,1491766.000,123846.000,2372850.000,20360.000,2,1.771,2,1.771,,,,,
2016,0,2rn0202,9132518.000,4294421.000,5234786.000,3185071.000,16,6.559,34,14.700,,,,,,2016,0,2rn0202,9132518.000,4294421.000,5234786.000,3185071.000,16,6.559,34,14.700,,,,,
2016,0,2rn0203,9026449.000,22593938.000,2041667.000,69572739.000,18,5.391,21,3.895,,,,,,2016,0,2rn0203,9026449.000,22593938.000,2041667.000,69572739.000,18,5.391,21,3.895,,,,,
2016,0,2rn0300,372653.000,,736470.000,,1,1.000,4,3.238,,,,,,2016,0,2rn0300,372653.000,,736470.000,,1,1.000,4,3.238,,,,,
2016,0,2rn0301,91200.000,,258660.000,,1,1.000,2,1.335,,,,,,2016,0,2rn0301,91200.000,,258660.000,,1,1.000,2,1.335,,,,,
2016,0,2rn0302,22262204.000,5197386.000,166470334.000,50692110.000,9,3.324,25,8.885,,,,,,2016,0,2rn0302,22262204.000,5197386.000,166470334.000,50692110.000,9,3.324,25,8.885,,,,,
2016,0,2rn0306,2496943.000,99335.000,48772790.000,62289.000,3,2.962,9,4.707,,,,,,2016,0,2rn0306,2496943.000,99335.000,48772790.000,62289.000,3,2.962,9,4.707,,,,,
2016,0,2se0000,53287.000,16925.000,20300.000,20000.000,1,1.000,1,1.000,,,,,,2016,0,2se0000,53287.000,16925.000,20300.000,20000.000,1,1.000,1,1.000,,,,,
2016,0,2se0001,,816022.000,,644720.000,0,,0,,,,,,,2016,0,2se0001,,816022.000,,644720.000,0,,0,,,,,,
2016,0,2se0003,148369.000,1156511.000,4831.000,136507.000,2,1.129,3,2.200,,,,,,2016,0,2se0003,148369.000,1156511.000,4831.000,136507.000,2,1.129,3,2.200,,,,,
2016,0,2se0100,121300.000,14405953.000,88079.000,35607129.000,10,5.523,9,5.865,,,,,,2016,0,2se0100,121300.000,14405953.000,88079.000,35607129.000,10,5.523,9,5.865,,,,,
2016,0,2se0101,1088388.000,14561806.000,3240000.000,101983265.000,1,1.000,1,1.000,,,,,,2016,0,2se0101,1088388.000,14561806.000,3240000.000,101983265.000,1,1.000,1,1.000,,,,,
2016,0,2se0103,,145853.000,,691.000,0,,0,,,,,,,2016,0,2se0103,,145853.000,,691.000,0,,0,,,,,,
2016,0,2se0104,16079885.000,1619109.000,8386299.000,675620.000,5,2.004,25,4.865,,,,,,2016,0,2se0104,16079885.000,1619109.000,8386299.000,675620.000,5,2.004,25,4.865,,,,,
2016,0,2se0106,,4023.000,,44.000,0,,0,,,,,,,2016,0,2se0106,,4023.000,,44.000,0,,0,,,,,,
2016,0,2se0200,1317145.000,467899.000,64295.000,210425.000,3,2.787,12,6.677,,,,,,2016,0,2se0200,1317145.000,467899.000,64295.000,210425.000,3,2.787,12,6.677,,,,,
2016,0,3df0000,30646146.000,518425159.000,37849414.000,55123269.000,39,5.219,42,9.187,,,,,,2016,0,3df0000,30646146.000,518425159.000,37849414.000,55123269.000,39,5.219,42,9.187,,,,,
2016,0,3go0000,40349578.000,306195830.000,40082235.000,41194143.000,53,8.657,46,9.116,,,,,,2016,0,3go0000,40349578.000,306195830.000,40082235.000,41194143.000,53,8.657,46,9.116,,,,,
2016,0,3go0001,11015432.000,36356.000,10513976.000,25051.000,3,1.825,28,14.217,,,,,,2016,0,3go0001,11015432.000,36356.000,10513976.000,25051.000,3,1.825,28,14.217,,,,,
2016,0,3go0002,98361546.000,4610117.000,47811611.000,55906729.000,5,2.392,21,10.781,,,,,,2016,0,3go0002,98361546.000,4610117.000,47811611.000,55906729.000,5,2.392,21,10.781,,,,,
2016,0,3go0003,122195043.000,124747547.000,50852475.000,16420594.000,117,8.908,62,12.937,,,,,,2016,0,3go0003,122195043.000,124747547.000,50852475.000,16420594.000,117,8.908,62,12.937,,,,,
2016,0,3go0100,40414370.000,3970772.000,160135397.000,5358028.000,14,3.340,31,14.449,,,,,,2016,0,3go0100,40414370.000,3970772.000,160135397.000,5358028.000,14,3.340,31,14.449,,,,,
2016,0,3go0101,1469.000,,43.000,,1,1.000,1,1.000,,,,,,2016,0,3go0101,1469.000,,43.000,,1,1.000,1,1.000,,,,,
2016,0,3go0201,21073260.000,7565.000,6586670.000,104.000,4,2.552,16,8.081,,,,,,2016,0,3go0201,21073260.000,7565.000,6586670.000,104.000,4,2.552,16,8.081,,,,,
2016,0,3go0202,75913199.000,2528577.000,7578156.000,420762.000,5,2.724,23,5.997,,,,,,2016,0,3go0202,75913199.000,2528577.000,7578156.000,420762.000,5,2.724,23,5.997,,,,,
2016,0,3go0300,,5825.000,,133.000,0,,0,,,,,,,2016,0,3go0300,,5825.000,,133.000,0,,0,,,,,,
2016,0,3go0301,161078506.000,3801743.000,123978098.000,4249868.000,4,1.297,18,4.214,,,,,,2016,0,3go0301,161078506.000,3801743.000,123978098.000,4249868.000,4,1.297,18,4.214,,,,,
2016,0,3go0400,71585660.000,157052110.000,38248556.000,230959758.000,24,2.627,32,10.748,,,,,,2016,0,3go0400,71585660.000,157052110.000,38248556.000,230959758.000,24,2.627,32,10.748,,,,,
2016,0,3go0401,141392713.000,21542918.000,314740011.000,43530104.000,36,5.946,44,13.010,,,,,,2016,0,3go0401,141392713.000,21542918.000,314740011.000,43530104.000,36,5.946,44,13.010,,,,,
2016,0,3go0402,16306341.000,458815.000,64614958.000,14550.000,5,3.158,13,8.313,,,,,,2016,0,3go0402,16306341.000,458815.000,64614958.000,14550.000,5,3.158,13,8.313,,,,,
2016,0,3go0403,80215738.000,3137478.000,217457102.000,3505678.000,10,2.897,29,7.973,,,,,,2016,0,3go0403,80215738.000,3137478.000,217457102.000,3505678.000,10,2.897,29,7.973,,,,,
2016,0,3go0404,262102313.000,54013370.000,976475602.000,162296553.000,15,3.585,39,9.565,,,,,,2016,0,3go0404,262102313.000,54013370.000,976475602.000,162296553.000,15,3.585,39,9.565,,,,,
2016,0,3go0405,75745994.000,329348.000,105367057.000,7578.000,11,4.006,43,19.587,,,,,,2016,0,3go0405,75745994.000,329348.000,105367057.000,7578.000,11,4.006,43,19.587,,,,,
2016,0,3ms0000,33073610.000,341589.000,125401408.000,126537.000,5,2.219,23,5.312,,,,,,2016,0,3ms0000,33073610.000,341589.000,125401408.000,126537.000,5,2.219,23,5.312,,,,,
2016,0,3ms0001,119321152.000,82510796.000,102787185.000,76559758.000,59,9.110,69,17.844,,,,,,2016,0,3ms0001,119321152.000,82510796.000,102787185.000,76559758.000,59,9.110,69,17.844,,,,,
2016,0,3ms0100,53226705.000,6792.000,166440953.000,120.000,9,3.076,27,6.854,,,,,,2016,0,3ms0100,53226705.000,6792.000,166440953.000,120.000,9,3.076,27,6.854,,,,,
2016,0,3ms0101,48315555.000,15100982.000,14242741.000,3440486.000,13,3.564,35,12.764,,,,,,2016,0,3ms0101,48315555.000,15100982.000,14242741.000,3440486.000,13,3.564,35,12.764,,,,,
2016,0,3ms0102,11539606.000,1703838.000,23844991.000,1532776.000,23,5.042,25,10.703,,,,,,2016,0,3ms0102,11539606.000,1703838.000,23844991.000,1532776.000,23,5.042,25,10.703,,,,,
2016,0,3ms0103,316714503.000,70435082.000,703507493.000,41895408.000,17,1.351,53,8.066,,,,,,2016,0,3ms0103,316714503.000,70435082.000,703507493.000,41895408.000,17,1.351,53,8.066,,,,,
2016,0,3ms0200,2130347.000,29606.000,552981.000,438542.000,5,2.438,2,1.695,,,,,,2016,0,3ms0200,2130347.000,29606.000,552981.000,438542.000,5,2.438,2,1.695,,,,,
2016,0,3ms0201,34965714.000,389309151.000,902348711.000,2070509594.000,332,9.076,3,2.014,,,,,,2016,0,3ms0201,34965714.000,389309151.000,902348711.000,2070509594.000,332,9.076,3,2.014,,,,,
2016,0,3ms0300,17032.000,343189.000,90030.000,6000003.000,1,1.000,1,1.000,,,,,,2016,0,3ms0300,17032.000,343189.000,90030.000,6000003.000,1,1.000,1,1.000,,,,,
2016,0,3ms0301,157698709.000,28319818.000,519530651.000,84537983.000,357,5.551,52,9.661,,,,,,2016,0,3ms0301,157698709.000,28319818.000,519530651.000,84537983.000,357,5.551,52,9.661,,,,,
2016,0,3ms0302,40851129.000,5739411.000,47986789.000,3876055.000,13,5.732,41,13.319,,,,,,2016,0,3ms0302,40851129.000,5739411.000,47986789.000,3876055.000,13,5.732,41,13.319,,,,,
2016,0,3mt0000,2379938.000,50467.000,4106903.000,1122613.000,8,2.080,7,3.866,,,,,,2016,0,3mt0000,2379938.000,50467.000,4106903.000,1122613.000,8,2.080,7,3.866,,,,,
2016,0,3mt0002,187661102.000,20755543.000,523840121.000,63388104.000,34,5.259,47,17.799,,,,,,2016,0,3mt0002,187661102.000,20755543.000,523840121.000,63388104.000,34,5.259,47,17.799,,,,,
2016,0,3mt0003,6684001.000,278.000,9951360.000,15.000,4,2.027,7,3.956,,,,,,2016,0,3mt0003,6684001.000,278.000,9951360.000,15.000,4,2.027,7,3.956,,,,,
2016,0,3mt0100,145716866.000,12912658.000,562651289.000,42885748.000,9,3.304,25,9.026,,,,,,2016,0,3mt0100,145716866.000,12912658.000,562651289.000,42885748.000,9,3.304,25,9.026,,,,,
2016,0,3mt0101,48241080.000,3535.000,26882630.000,2.000,9,2.291,31,8.366,,,,,,2016,0,3mt0101,48241080.000,3535.000,26882630.000,2.000,9,2.291,31,8.366,,,,,
2016,0,3mt0102,29507634.000,,113162629.000,,2,1.861,11,3.307,,,,,,2016,0,3mt0102,29507634.000,,113162629.000,,2,1.861,11,3.307,,,,,
2016,0,3mt0200,4898417.000,,2732611.000,,6,2.611,19,7.741,,,,,,2016,0,3mt0200,4898417.000,,2732611.000,,6,2.611,19,7.741,,,,,
2016,0,3mt0201,1033626522.000,44059408.000,2147483647.000,157754645.000,12,3.141,37,11.674,,,,,,2016,0,3mt0201,1033626522.000,44059408.000,2147483647.000,157754645.000,12,3.141,37,11.674,,,,,
2016,0,3mt0202,20163755.000,,80846399.000,,7,3.556,24,12.207,,,,,,2016,0,3mt0202,20163755.000,,80846399.000,,7,3.556,24,12.207,,,,,
2016,0,3mt0203,44603859.000,,122433418.000,,11,4.615,30,14.897,,,,,,2016,0,3mt0203,44603859.000,,122433418.000,,11,4.615,30,14.897,,,,,
2016,0,3mt0204,62295961.000,8811.000,247531175.000,264.000,6,2.983,15,7.818,,,,,,2016,0,3mt0204,62295961.000,8811.000,247531175.000,264.000,6,2.983,15,7.818,,,,,
2016,0,3mt0205,21209449.000,,7228101.000,,5,2.125,20,8.334,,,,,,2016,0,3mt0205,21209449.000,,7228101.000,,5,2.125,20,8.334,,,,,
2016,0,3mt0206,532290860.000,9896771.000,1752478156.000,30001912.000,11,3.752,53,21.021,,,,,,2016,0,3mt0206,532290860.000,9896771.000,1752478156.000,30001912.000,11,3.752,53,21.021,,,,,
2016,0,3mt0207,156572440.000,32822.000,591239861.000,5406.000,6,2.128,30,12.132,,,,,,2016,0,3mt0207,156572440.000,32822.000,591239861.000,5406.000,6,2.128,30,12.132,,,,,
2016,0,3mt0300,48289741.000,52478133.000,214646918.000,167688147.000,5,2.293,20,7.547,,,,,,2016,0,3mt0300,48289741.000,52478133.000,214646918.000,167688147.000,5,2.293,20,7.547,,,,,
2016,0,3mt0301,216012450.000,1620815.000,855897503.000,4033305.000,7,3.522,28,9.800,,,,,,2016,0,3mt0301,216012450.000,1620815.000,855897503.000,4033305.000,7,3.522,28,9.800,,,,,
2016,0,3mt0302,377662867.000,148796373.000,1075885794.000,525888978.000,17,4.091,51,15.666,,,,,,2016,0,3mt0302,377662867.000,148796373.000,1075885794.000,525888978.000,17,4.091,51,15.666,,,,,
2016,0,3mt0303,1438733.000,,1366026.000,,2,1.183,8,6.889,,,,,,2016,0,3mt0303,1438733.000,,1366026.000,,2,1.183,8,6.889,,,,,
2016,0,3mt0400,29440258.000,,3237082.000,,5,2.418,17,3.923,,,,,,2016,0,3mt0400,29440258.000,,3237082.000,,5,2.418,17,3.923,,,,,
2016,0,3mt0401,21936514.000,,6848193.000,,9,2.743,24,8.916,,,,,,2016,0,3mt0401,21936514.000,,6848193.000,,9,2.743,24,8.916,,,,,
2016,0,3mt0402,62350188.000,41347.000,164302488.000,21234.000,8,4.390,31,12.807,,,,,,2016,0,3mt0402,62350188.000,41347.000,164302488.000,21234.000,8,4.390,31,12.807,,,,,
2016,0,4es0000,5282612.000,10340.000,4359480.000,75.000,5,1.696,19,5.406,,,,,,2016,0,4es0000,5282612.000,10340.000,4359480.000,75.000,5,1.696,19,5.406,,,,,
2016,0,4es0001,149243937.000,2918963.000,2147483647.000,670624.000,4,1.166,31,4.473,,,,,,2016,0,4es0001,149243937.000,2918963.000,2147483647.000,670624.000,4,1.166,31,4.473,,,,,
2016,0,4es0002,300650.000,,251936.000,,5,4.784,6,4.984,,,,,,2016,0,4es0002,300650.000,,251936.000,,5,4.784,6,4.984,,,,,
2016,0,4es0003,949463487.000,852736083.000,2147483647.000,1974557344.000,167,11.907,90,13.382,,,,,,2016,0,4es0003,949463487.000,852736083.000,2147483647.000,1974557344.000,167,11.907,90,13.382,,,,,
2016,0,4es0100,252527190.000,53656688.000,510543623.000,19912266.000,22,2.018,41,6.721,,,,,,2016,0,4es0100,252527190.000,53656688.000,510543623.000,19912266.000,22,2.018,41,6.721,,,,,
2016,0,4es0101,10005.000,,6525.000,,1,1.000,2,1.580,,,,,,2016,0,4es0101,10005.000,,6525.000,,1,1.000,2,1.580,,,,,
2016,0,4es0102,10500429.000,2517226.000,1268023.000,77928.000,4,1.400,12,4.679,,,,,,2016,0,4es0102,10500429.000,2517226.000,1268023.000,77928.000,4,1.400,12,4.679,,,,,
2016,0,4es0200,34082871.000,2634667.000,84927686.000,187584.000,5,1.569,30,2.900,,,,,,2016,0,4es0200,34082871.000,2634667.000,84927686.000,187584.000,5,1.569,30,2.900,,,,,
2016,0,4es0201,42625892.000,6397871.000,68542951.000,769498.000,20,6.176,51,18.335,,,,,,2016,0,4es0201,42625892.000,6397871.000,68542951.000,769498.000,20,6.176,51,18.335,,,,,
2016,0,4es0202,6317475.000,548608.000,10973197.000,184165.000,7,2.082,15,3.262,,,,,,2016,0,4es0202,6317475.000,548608.000,10973197.000,184165.000,7,2.082,15,3.262,,,,,
2016,0,4es0300,8703992.000,,4681200.000,,1,1.000,15,7.031,,,,,,2016,0,4es0300,8703992.000,,4681200.000,,1,1.000,15,7.031,,,,,
2016,0,4es0301,68631724.000,6478485.000,109281192.000,1933367.000,24,1.506,59,3.755,,,,,,2016,0,4es0301,68631724.000,6478485.000,109281192.000,1933367.000,24,1.506,59,3.755,,,,,
2016,0,4es0302,6664516.000,344209.000,8040934.000,10694.000,4,2.023,12,1.751,,,,,,2016,0,4es0302,6664516.000,344209.000,8040934.000,10694.000,4,2.023,12,1.751,,,,,
2016,0,4mg0000,12926324.000,56143149.000,13122815.000,28752127.000,8,2.959,33,14.170,,,,,,2016,0,4mg0000,12926324.000,56143149.000,13122815.000,28752127.000,8,2.959,33,14.170,,,,,
2016,0,4mg0001,7422687.000,2754561.000,3003302.000,28638434.000,8,1.986,10,4.058,,,,,,2016,0,4mg0001,7422687.000,2754561.000,3003302.000,28638434.000,8,1.986,10,4.058,,,,,
2016,0,4mg0002,23493045.000,42012245.000,4319362.000,6040961.000,15,4.140,27,4.731,,,,,,2016,0,4mg0002,23493045.000,42012245.000,4319362.000,6040961.000,15,4.140,27,4.731,,,,,
2016,0,4mg0100,1292334.000,1141924.000,546382.000,48946.000,8,3.701,13,6.412,,,,,,2016,0,4mg0100,1292334.000,1141924.000,546382.000,48946.000,8,3.701,13,6.412,,,,,
2016,0,4mg0101,6238783.000,5008.000,22447946.000,5.000,8,1.915,21,2.118,,,,,,2016,0,4mg0101,6238783.000,5008.000,22447946.000,5.000,8,1.915,21,2.118,,,,,
2016,0,4mg0102,21424779.000,14418589.000,13686728.000,27389145.000,4,1.156,15,2.726,,,,,,2016,0,4mg0102,21424779.000,14418589.000,13686728.000,27389145.000,4,1.156,15,2.726,,,,,
2016,0,4mg0200,1449869.000,,1550400.000,,1,1.000,8,4.905,,,,,,2016,0,4mg0200,1449869.000,,1550400.000,,1,1.000,8,4.905,,,,,
2016,0,4mg0201,1625941.000,184608.000,7231790.000,1518.000,3,1.454,4,2.281,,,,,,2016,0,4mg0201,1625941.000,184608.000,7231790.000,1518.000,3,1.454,4,2.281,,,,,
2016,0,4mg0202,,8278.000,,0.000,0,,0,,,,,,,2016,0,4mg0202,,8278.000,,0.000,0,,0,,,,,,
2016,0,4mg0203,1120263.000,63950.000,355881.000,497.000,4,1.838,6,2.779,,,,,,2016,0,4mg0203,1120263.000,63950.000,355881.000,497.000,4,1.838,6,2.779,,,,,
2016,0,4mg0204,3216980.000,52068.000,10137812.000,307.000,3,2.122,17,7.799,,,,,,2016,0,4mg0204,3216980.000,52068.000,10137812.000,307.000,3,2.122,17,7.799,,,,,
2016,0,4mg0300,942420988.000,445265530.000,2147483647.000,134043309.000,443,17.455,108,11.866,,,,,,2016,0,4mg0300,942420988.000,445265530.000,2147483647.000,134043309.000,443,17.455,108,11.866,,,,,
2016,0,4mg0301,109518881.000,7957209.000,2147483647.000,6061648.000,1,1.000,8,4.945,,,,,,2016,0,4mg0301,109518881.000,7957209.000,2147483647.000,6061648.000,1,1.000,8,4.945,,,,,
2016,0,4mg0302,237008193.000,136565561.000,2147483647.000,670293764.000,10,3.336,35,15.849,,,,,,2016,0,4mg0302,237008193.000,136565561.000,2147483647.000,670293764.000,10,3.336,35,15.849,,,,,
2016,0,4mg0303,232936455.000,110516587.000,2147483647.000,58662767.000,14,2.631,29,10.398,,,,,,2016,0,4mg0303,232936455.000,110516587.000,2147483647.000,58662767.000,14,2.631,29,10.398,,,,,
2016,0,4mg0304,67172153.000,5059880.000,374469138.000,1743691.000,2,1.603,8,6.624,,,,,,2016,0,4mg0304,67172153.000,5059880.000,374469138.000,1743691.000,2,1.603,8,6.624,,,,,
2016,0,4mg0305,308191509.000,1701592.000,2147483647.000,335852.000,8,1.109,28,4.967,,,,,,2016,0,4mg0305,308191509.000,1701592.000,2147483647.000,335852.000,8,1.109,28,4.967,,,,,
2016,0,4mg0306,8828849.000,3035783.000,30619817.000,2163054.000,6,1.407,19,4.701,,,,,,2016,0,4mg0306,8828849.000,3035783.000,30619817.000,2163054.000,6,1.407,19,4.701,,,,,
2016,0,4mg0307,62326852.000,56158159.000,173596572.000,47100194.000,118,6.026,59,15.612,,,,,,2016,0,4mg0307,62326852.000,56158159.000,173596572.000,47100194.000,118,6.026,59,15.612,,,,,
2016,0,4mg0400,136116596.000,11241332.000,13994137.000,8841879.000,6,1.275,10,3.711,,,,,,2016,0,4mg0400,136116596.000,11241332.000,13994137.000,8841879.000,6,1.275,10,3.711,,,,,
2016,0,4mg0401,8837712.000,,25839130.000,,3,1.171,4,1.184,,,,,,2016,0,4mg0401,8837712.000,,25839130.000,,3,1.171,4,1.184,,,,,
2016,0,4mg0500,1039271.000,5463992.000,261805.000,1987456.000,5,1.816,2,1.199,,,,,,2016,0,4mg0500,1039271.000,5463992.000,261805.000,1987456.000,5,1.816,2,1.199,,,,,
2016,0,4mg0502,31818794.000,498032.000,4815558.000,407201.000,9,3.059,25,6.770,,,,,,2016,0,4mg0502,31818794.000,498032.000,4815558.000,407201.000,9,3.059,25,6.770,,,,,
2016,0,4mg0504,72979744.000,31974093.000,10768811.000,1252424.000,20,3.372,50,8.038,,,,,,2016,0,4mg0504,72979744.000,31974093.000,10768811.000,1252424.000,20,3.372,50,8.038,,,,,
2016,0,4mg0505,36893379.000,439251.000,31327918.000,184004.000,9,2.800,33,14.167,,,,,,2016,0,4mg0505,36893379.000,439251.000,31327918.000,184004.000,9,2.800,33,14.167,,,,,
2016,0,4mg0506,797540.000,,560828.000,,3,2.238,6,3.643,,,,,,2016,0,4mg0506,797540.000,,560828.000,,3,2.238,6,3.643,,,,,
2016,0,4mg0600,543177.000,35100.000,1851990.000,280.000,2,1.713,7,5.054,,,,,,2016,0,4mg0600,543177.000,35100.000,1851990.000,280.000,2,1.713,7,5.054,,,,,
2016,0,4mg0601,54323223.000,8491801.000,67794564.000,5340492.000,51,7.423,40,9.674,,,,,,2016,0,4mg0601,54323223.000,8491801.000,67794564.000,5340492.000,51,7.423,40,9.674,,,,,
2016,0,4mg0602,5893897.000,1721124.000,3940635.000,13841273.000,45,4.077,23,7.256,,,,,,2016,0,4mg0602,5893897.000,1721124.000,3940635.000,13841273.000,45,4.077,23,7.256,,,,,
2016,0,4mg0603,3013026.000,60714.000,1657595.000,75031.000,8,1.927,14,8.987,,,,,,2016,0,4mg0603,3013026.000,60714.000,1657595.000,75031.000,8,1.927,14,8.987,,,,,
2016,0,4mg0604,6885755.000,5701697.000,3365262.000,22056711.000,5,1.777,17,7.288,,,,,,2016,0,4mg0604,6885755.000,5701697.000,3365262.000,22056711.000,5,1.777,17,7.288,,,,,
2016,0,4mg0700,30011189.000,8957891.000,16387300.000,7775243.000,10,1.667,29,9.897,,,,,,2016,0,4mg0700,30011189.000,8957891.000,16387300.000,7775243.000,10,1.667,29,9.897,,,,,
2016,0,4mg0701,97625.000,7823.000,533560.000,1216.000,1,1.000,3,2.553,,,,,,2016,0,4mg0701,97625.000,7823.000,533560.000,1216.000,1,1.000,3,2.553,,,,,
2016,0,4mg0702,34552237.000,23416677.000,3635359.000,1780708.000,60,6.900,52,18.265,,,,,,2016,0,4mg0702,34552237.000,23416677.000,3635359.000,1780708.000,60,6.900,52,18.265,,,,,
2016,0,4mg0703,11815401.000,1477618.000,8810974.000,19231161.000,12,1.541,15,2.907,,,,,,2016,0,4mg0703,11815401.000,1477618.000,8810974.000,19231161.000,12,1.541,15,2.907,,,,,
2016,0,4mg0704,103813513.000,77137938.000,90374663.000,17009783.000,59,2.944,50,16.779,,,,,,2016,0,4mg0704,103813513.000,77137938.000,90374663.000,17009783.000,59,2.944,50,16.779,,,,,
2016,0,4mg0705,14962076.000,148110230.000,2973584.000,52131548.000,114,20.916,37,11.200,,,,,,2016,0,4mg0705,14962076.000,148110230.000,2973584.000,52131548.000,114,20.916,37,11.200,,,,,
2016,0,4mg0706,3820198.000,28614200.000,278108.000,1516139.000,45,9.907,25,4.686,,,,,,2016,0,4mg0706,3820198.000,28614200.000,278108.000,1516139.000,45,9.907,25,4.686,,,,,
2016,0,4mg0707,12365825.000,5492581.000,7773247.000,2657840.000,7,2.281,30,10.531,,,,,,2016,0,4mg0707,12365825.000,5492581.000,7773247.000,2657840.000,7,2.281,30,10.531,,,,,
2016,0,4mg0708,164096956.000,4159018.000,69988140.000,1193122.000,28,1.254,60,11.795,,,,,,2016,0,4mg0708,164096956.000,4159018.000,69988140.000,1193122.000,28,1.254,60,11.795,,,,,
2016,0,4mg0709,312293610.000,57702389.000,146327948.000,65289606.000,76,1.713,75,18.315,,,,,,2016,0,4mg0709,312293610.000,57702389.000,146327948.000,65289606.000,76,1.713,75,18.315,,,,,
2016,0,4mg0800,341202663.000,25162198.000,61353784.000,30192459.000,10,1.801,22,6.312,,,,,,2016,0,4mg0800,341202663.000,25162198.000,61353784.000,30192459.000,10,1.801,22,6.312,,,,,
2016,0,4mg0801,101569600.000,,300600059.000,,14,1.495,44,20.229,,,,,,2016,0,4mg0801,101569600.000,,300600059.000,,14,1.495,44,20.229,,,,,
2016,0,4mg0802,20796782.000,545049.000,39954883.000,3431.000,9,5.265,35,16.241,,,,,,2016,0,4mg0802,20796782.000,545049.000,39954883.000,3431.000,9,5.265,35,16.241,,,,,
2016,0,4mg0803,22325745.000,4465440.000,15896496.000,18953577.000,13,3.657,40,11.729,,,,,,2016,0,4mg0803,22325745.000,4465440.000,15896496.000,18953577.000,13,3.657,40,11.729,,,,,
2016,0,4mg0804,74254835.000,274650.000,51314145.000,228773.000,6,1.614,26,11.002,,,,,,2016,0,4mg0804,74254835.000,274650.000,51314145.000,228773.000,6,1.614,26,11.002,,,,,
2016,0,4mg0805,94865179.000,195800098.000,258082179.000,507600506.000,73,4.181,44,18.180,,,,,,2016,0,4mg0805,94865179.000,195800098.000,258082179.000,507600506.000,73,4.181,44,18.180,,,,,
2016,0,4mg0806,146445216.000,28475700.000,215003100.000,29812622.000,78,9.625,68,15.299,,,,,,2016,0,4mg0806,146445216.000,28475700.000,215003100.000,29812622.000,78,9.625,68,15.299,,,,,
2016,0,4mg0900,13014820.000,,2891715.000,,5,1.951,11,3.309,,,,,,2016,0,4mg0900,13014820.000,,2891715.000,,5,1.951,11,3.309,,,,,
2016,0,4mg0901,7326285.000,64182.000,50192.000,2832.000,4,1.114,18,2.033,,,,,,2016,0,4mg0901,7326285.000,64182.000,50192.000,2832.000,4,1.114,18,2.033,,,,,
2016,0,4mg1000,54041.000,,104685.000,,2,1.181,1,1.000,,,,,,2016,0,4mg1000,54041.000,,104685.000,,2,1.181,1,1.000,,,,,
2016,0,4mg1001,328330.000,364876.000,896390.000,159259.000,1,1.000,1,1.000,,,,,,2016,0,4mg1001,328330.000,364876.000,896390.000,159259.000,1,1.000,1,1.000,,,,,
2016,0,4mg1002,9881610.000,1628055.000,1023949.000,394173.000,15,1.250,13,2.337,,,,,,2016,0,4mg1002,9881610.000,1628055.000,1023949.000,394173.000,15,1.250,13,2.337,,,,,
2016,0,4mg1003,2242835.000,,8047890.000,,1,1.000,3,1.265,,,,,,2016,0,4mg1003,2242835.000,,8047890.000,,1,1.000,3,1.265,,,,,
2016,0,4mg1004,240313217.000,67438801.000,418991911.000,556134367.000,47,3.526,45,11.156,,,,,,2016,0,4mg1004,240313217.000,67438801.000,418991911.000,556134367.000,47,3.526,45,11.156,,,,,
2016,0,4mg1005,10599.000,,23300.000,,1,1.000,1,1.000,,,,,,2016,0,4mg1005,10599.000,,23300.000,,1,1.000,1,1.000,,,,,
2016,0,4mg1100,2868204.000,2470157.000,1318291.000,2657730.000,13,3.313,32,11.043,,,,,,2016,0,4mg1100,2868204.000,2470157.000,1318291.000,2657730.000,13,3.313,32,11.043,,,,,
2016,0,4mg1101,54811513.000,68600894.000,21519521.000,59457247.000,35,4.081,18,5.128,,,,,,2016,0,4mg1101,54811513.000,68600894.000,21519521.000,59457247.000,35,4.081,18,5.128,,,,,
2016,0,4mg1102,65971005.000,14071531.000,30878457.000,55031366.000,3,1.004,46,16.777,,,,,,2016,0,4mg1102,65971005.000,14071531.000,30878457.000,55031366.000,3,1.004,46,16.777,,,,,
2016,0,4mg1103,27199337.000,298864.000,12857548.000,66406.000,2,1.000,27,8.295,,,,,,2016,0,4mg1103,27199337.000,298864.000,12857548.000,66406.000,2,1.000,27,8.295,,,,,
2016,0,4mg1104,150881.000,663300.000,129867.000,193650.000,2,1.910,4,2.933,,,,,,2016,0,4mg1104,150881.000,663300.000,129867.000,193650.000,2,1.910,4,2.933,,,,,
2016,0,4mg1105,3060770.000,1061618.000,2422360.000,671384.000,12,3.435,18,7.294,,,,,,2016,0,4mg1105,3060770.000,1061618.000,2422360.000,671384.000,12,3.435,18,7.294,,,,,
2016,0,4mg1106,7053.000,1542071.000,78.000,263102.000,1,1.000,12,7.167,,,,,,2016,0,4mg1106,7053.000,1542071.000,78.000,263102.000,1,1.000,12,7.167,,,,,
2016,0,4rj0000,1644441.000,3332014.000,386052.000,641462.000,17,3.475,9,2.469,,,,,,2016,0,4rj0000,1644441.000,3332014.000,386052.000,641462.000,17,3.475,9,2.469,,,,,
2016,0,4rj0001,6283.000,1290245.000,204.000,104454.000,6,3.715,4,2.285,,,,,,2016,0,4rj0001,6283.000,1290245.000,204.000,104454.000,6,3.715,4,2.285,,,,,
2016,0,4rj0100,53509.000,2674228.000,6926.000,1749471.000,12,2.756,4,1.680,,,,,,2016,0,4rj0100,53509.000,2674228.000,6926.000,1749471.000,12,2.756,4,1.680,,,,,
2016,0,4rj0101,499586.000,1955844.000,82131.000,305995.000,40,7.435,29,9.038,,,,,,2016,0,4rj0101,499586.000,1955844.000,82131.000,305995.000,40,7.435,29,9.038,,,,,
2016,0,4rj0103,11911689.000,9727565.000,1862167.000,4113046.000,28,3.332,27,3.083,,,,,,2016,0,4rj0103,11911689.000,9727565.000,1862167.000,4113046.000,28,3.332,27,3.083,,,,,
2016,0,4rj0200,141384183.000,6405367.000,2040458739.000,8521776.000,6,3.185,13,4.097,,,,,,2016,0,4rj0200,141384183.000,6405367.000,2040458739.000,8521776.000,6,3.185,13,4.097,,,,,
2016,0,4rj0201,38716.000,897976.000,71857.000,2046194.000,4,2.114,4,2.114,,,,,,2016,0,4rj0201,38716.000,897976.000,71857.000,2046194.000,4,2.114,4,2.114,,,,,
2016,0,4rj0202,1545325251.000,1924712786.000,2147483647.000,1916182828.000,620,14.819,140,15.194,,,,,,2016,0,4rj0202,1545325251.000,1924712786.000,2147483647.000,1916182828.000,620,14.819,140,15.194,,,,,
2016,0,4rj0203,517160357.000,526882772.000,997344.000,13772367.000,102,1.432,50,2.053,,,,,,2016,0,4rj0203,517160357.000,526882772.000,997344.000,13772367.000,102,1.432,50,2.053,,,,,
2016,0,4rj0204,139742.000,2967417.000,16692.000,764154.000,3,1.817,3,1.817,,,,,,2016,0,4rj0204,139742.000,2967417.000,16692.000,764154.000,3,1.817,3,1.817,,,,,
2016,0,4rj0300,14229.000,587854.000,1033.000,6567.000,9,1.120,2,1.108,,,,,,2016,0,4rj0300,14229.000,587854.000,1033.000,6567.000,9,1.120,2,1.108,,,,,
2016,0,4rj0301,60361.000,248366.000,246363.000,243671.000,4,1.686,6,4.070,,,,,,2016,0,4rj0301,60361.000,248366.000,246363.000,243671.000,4,1.686,6,4.070,,,,,
2016,0,4rj0400,371700782.000,44060116.000,92711747.000,10076431.000,21,4.923,22,1.947,,,,,,2016,0,4rj0400,371700782.000,44060116.000,92711747.000,10076431.000,21,4.923,22,1.947,,,,,
2016,0,4rj0401,241830404.000,104266713.000,1215449510.000,7663919.000,176,2.243,56,6.099,,,,,,2016,0,4rj0401,241830404.000,104266713.000,1215449510.000,7663919.000,176,2.243,56,6.099,,,,,
2016,0,4rj0500,711924110.000,251541493.000,2147483647.000,855009431.000,7,1.041,9,3.234,,,,,,2016,0,4rj0500,711924110.000,251541493.000,2147483647.000,855009431.000,7,1.041,9,3.234,,,,,
2016,0,4rj0501,293452.000,13456018.000,110928.000,9033625.000,5,4.054,7,3.802,,,,,,2016,0,4rj0501,293452.000,13456018.000,110928.000,9033625.000,5,4.054,7,3.802,,,,,
2016,0,4rj0502,259085461.000,338835877.000,82914886.000,774419472.000,184,8.365,43,4.889,,,,,,2016,0,4rj0502,259085461.000,338835877.000,82914886.000,774419472.000,184,8.365,43,4.889,,,,,
2016,0,4sp0000,63891859.000,214610.000,17242467.000,37260.000,14,5.069,35,7.714,,,,,,2016,0,4sp0000,63891859.000,214610.000,17242467.000,37260.000,14,5.069,35,7.714,,,,,
2016,0,4sp0001,17699144.000,10523778.000,37725825.000,2775542.000,36,5.863,49,13.057,,,,,,2016,0,4sp0001,17699144.000,10523778.000,37725825.000,2775542.000,36,5.863,49,13.057,,,,,
2016,0,4sp0002,52610270.000,1890624.000,79482461.000,618679.000,73,8.749,51,14.470,,,,,,2016,0,4sp0002,52610270.000,1890624.000,79482461.000,618679.000,73,8.749,51,14.470,,,,,
2016,0,4sp0100,737852295.000,97941076.000,889664591.000,7956957.000,189,5.077,100,14.222,,,,,,2016,0,4sp0100,737852295.000,97941076.000,889664591.000,7956957.000,189,5.077,100,14.222,,,,,
2016,0,4sp0101,74888045.000,50471335.000,20233132.000,6013964.000,157,9.301,77,14.053,,,,,,2016,0,4sp0101,74888045.000,50471335.000,20233132.000,6013964.000,157,9.301,77,14.053,,,,,
2016,0,4sp0200,23375181.000,2026062.000,35881645.000,1860359.000,20,6.070,43,15.569,,,,,,2016,0,4sp0200,23375181.000,2026062.000,35881645.000,1860359.000,20,6.070,43,15.569,,,,,
2016,0,4sp0201,16483249.000,28950895.000,13513997.000,101642033.000,56,6.872,35,12.518,,,,,,2016,0,4sp0201,16483249.000,28950895.000,13513997.000,101642033.000,56,6.872,35,12.518,,,,,
2016,0,4sp0300,11288728.000,331266.000,11638960.000,147076.000,12,4.904,24,8.759,,,,,,2016,0,4sp0300,11288728.000,331266.000,11638960.000,147076.000,12,4.904,24,8.759,,,,,
2016,0,4sp0301,74266158.000,21394291.000,77963174.000,15732493.000,101,14.264,77,17.956,,,,,,2016,0,4sp0301,74266158.000,21394291.000,77963174.000,15732493.000,101,14.264,77,17.956,,,,,
2016,0,4sp0302,45226220.000,8184733.000,31074826.000,2850570.000,112,6.250,61,8.311,,,,,,2016,0,4sp0302,45226220.000,8184733.000,31074826.000,2850570.000,112,6.250,61,8.311,,,,,
2016,0,4sp0303,54009194.000,21509999.000,57616380.000,3711132.000,76,7.177,62,14.643,,,,,,2016,0,4sp0303,54009194.000,21509999.000,57616380.000,3711132.000,76,7.177,62,14.643,,,,,
2016,0,4sp0304,185809263.000,3861552.000,39554513.000,2852495.000,62,4.615,76,13.476,,,,,,2016,0,4sp0304,185809263.000,3861552.000,39554513.000,2852495.000,62,4.615,76,13.476,,,,,
2016,0,4sp0400,39074495.000,11963429.000,20952878.000,50434006.000,84,4.912,50,19.490,,,,,,2016,0,4sp0400,39074495.000,11963429.000,20952878.000,50434006.000,84,4.912,50,19.490,,,,,
2016,0,4sp0401,751620339.000,2250461340.000,232922748.000,442228701.000,576,80.905,126,20.745,,,,,,2016,0,4sp0401,751620339.000,2250461340.000,232922748.000,442228701.000,576,80.905,126,20.745,,,,,
2016,0,4sp0402,216814065.000,62940453.000,396792763.000,12069872.000,145,11.323,89,22.603,,,,,,2016,0,4sp0402,216814065.000,62940453.000,396792763.000,12069872.000,145,11.323,89,22.603,,,,,
2016,0,4sp0403,38408241.000,11053939.000,111934799.000,8076988.000,26,2.699,66,20.979,,,,,,2016,0,4sp0403,38408241.000,11053939.000,111934799.000,8076988.000,26,2.699,66,20.979,,,,,
2016,0,4sp0404,38741903.000,11868300.000,18578828.000,5066827.000,87,3.817,70,18.080,,,,,,2016,0,4sp0404,38741903.000,11868300.000,18578828.000,5066827.000,87,3.817,70,18.080,,,,,
2016,0,4sp0500,899289.000,391501.000,665000.000,13703.000,6,3.798,5,2.433,,,,,,2016,0,4sp0500,899289.000,391501.000,665000.000,13703.000,6,3.798,5,2.433,,,,,
2016,0,4sp0501,18993471.000,20826025.000,8586158.000,32516178.000,20,7.381,31,10.972,,,,,,2016,0,4sp0501,18993471.000,20826025.000,8586158.000,32516178.000,20,7.381,31,10.972,,,,,
2016,0,4sp0502,20755298.000,204334.000,41119850.000,82300.000,13,4.122,29,6.847,,,,,,2016,0,4sp0502,20755298.000,204334.000,41119850.000,82300.000,13,4.122,29,6.847,,,,,
2016,0,4sp0503,54759175.000,30024534.000,37000968.000,15230143.000,110,11.729,58,21.519,,,,,,2016,0,4sp0503,54759175.000,30024534.000,37000968.000,15230143.000,110,11.729,58,21.519,,,,,
2016,0,4sp0600,92921.000,61497.000,2615.000,5570.000,5,2.778,4,2.604,,,,,,2016,0,4sp0600,92921.000,61497.000,2615.000,5570.000,5,2.778,4,2.604,,,,,
2016,0,4sp0601,6066614.000,9844231.000,8580903.000,53545801.000,3,2.002,16,5.829,,,,,,2016,0,4sp0601,6066614.000,9844231.000,8580903.000,53545801.000,3,2.002,16,5.829,,,,,
2016,0,4sp0700,68380551.000,176806751.000,10226995.000,25640207.000,250,41.263,78,14.611,,,,,,2016,0,4sp0700,68380551.000,176806751.000,10226995.000,25640207.000,250,41.263,78,14.611,,,,,
2016,0,4sp0701,213430239.000,620228802.000,37765985.000,179132785.000,404,54.008,92,13.817,,,,,,2016,0,4sp0701,213430239.000,620228802.000,37765985.000,179132785.000,404,54.008,92,13.817,,,,,
2016,0,4sp0702,3851797.000,2247929.000,722015.000,573888.000,39,5.088,19,5.116,,,,,,2016,0,4sp0702,3851797.000,2247929.000,722015.000,573888.000,39,5.088,19,5.116,,,,,
2016,0,4sp0703,467335218.000,696276197.000,209613394.000,238523597.000,439,42.328,112,13.425,,,,,,2016,0,4sp0703,467335218.000,696276197.000,209613394.000,238523597.000,439,42.328,112,13.425,,,,,
2016,0,4sp0800,25711285.000,20326499.000,9878666.000,3879448.000,136,9.278,82,33.044,,,,,,2016,0,4sp0800,25711285.000,20326499.000,9878666.000,3879448.000,136,9.278,82,33.044,,,,,
2016,0,4sp0801,29659984.000,514642.000,63793824.000,216518.000,17,4.119,34,9.444,,,,,,2016,0,4sp0801,29659984.000,514642.000,63793824.000,216518.000,17,4.119,34,9.444,,,,,
2016,0,4sp0900,24672556.000,49025231.000,5762873.000,14536125.000,97,8.212,36,9.460,,,,,,2016,0,4sp0900,24672556.000,49025231.000,5762873.000,14536125.000,97,8.212,36,9.460,,,,,
2016,0,4sp0901,338401948.000,469834103.000,400110848.000,129050327.000,431,16.841,99,14.196,,,,,,2016,0,4sp0901,338401948.000,469834103.000,400110848.000,129050327.000,431,16.841,99,14.196,,,,,
2016,0,4sp0902,96558711.000,440803874.000,12795575.000,43912405.000,410,36.962,86,22.051,,,,,,2016,0,4sp0902,96558711.000,440803874.000,12795575.000,43912405.000,410,36.962,86,22.051,,,,,
2016,0,4sp0903,200705920.000,237984052.000,132959020.000,94913314.000,289,26.438,81,16.460,,,,,,2016,0,4sp0903,200705920.000,237984052.000,132959020.000,94913314.000,289,26.438,81,16.460,,,,,
2016,0,4sp0904,209051395.000,907616805.000,43328970.000,134854477.000,454,60.773,117,23.961,,,,,,2016,0,4sp0904,209051395.000,907616805.000,43328970.000,134854477.000,454,60.773,117,23.961,,,,,
2016,0,4sp0905,1258205462.000,356794785.000,2147483647.000,1168217796.000,117,9.788,128,25.775,,,,,,2016,0,4sp0905,1258205462.000,356794785.000,2147483647.000,1168217796.000,117,9.788,128,25.775,,,,,
2016,0,4sp0906,3024040218.000,2883048965.000,2147483647.000,1023624739.000,819,45.237,154,30.347,,,,,,2016,0,4sp0906,3024040218.000,2883048965.000,2147483647.000,1023624739.000,819,45.237,154,30.347,,,,,
2016,0,4sp1000,211411351.000,139725913.000,363254459.000,39515520.000,196,25.254,111,35.598,,,,,,2016,0,4sp1000,211411351.000,139725913.000,363254459.000,39515520.000,196,25.254,111,35.598,,,,,
2016,0,4sp1001,370130865.000,358839927.000,148831195.000,68993350.000,251,5.318,89,19.278,,,,,,2016,0,4sp1001,370130865.000,358839927.000,148831195.000,68993350.000,251,5.318,89,19.278,,,,,
2016,0,4sp1002,48656721.000,43102053.000,47747595.000,14044162.000,107,20.980,93,19.756,,,,,,2016,0,4sp1002,48656721.000,43102053.000,47747595.000,14044162.000,107,20.980,93,19.756,,,,,
2016,0,4sp1100,7035382.000,689013.000,13390474.000,241182.000,126,5.439,29,11.403,,,,,,2016,0,4sp1100,7035382.000,689013.000,13390474.000,241182.000,126,5.439,29,11.403,,,,,
2016,0,4sp1101,21285035.000,153533.000,57183560.000,6300.000,8,1.061,15,4.604,,,,,,2016,0,4sp1101,21285035.000,153533.000,57183560.000,6300.000,8,1.061,15,4.604,,,,,
2016,0,4sp1102,66502933.000,6552445.000,63581557.000,2477800.000,64,8.243,75,19.783,,,,,,2016,0,4sp1102,66502933.000,6552445.000,63581557.000,2477800.000,64,8.243,75,19.783,,,,,
2016,0,4sp1200,98723822.000,30339588.000,75867196.000,8359338.000,25,6.015,51,6.537,,,,,,2016,0,4sp1200,98723822.000,30339588.000,75867196.000,8359338.000,25,6.015,51,6.537,,,,,
2016,0,4sp1201,5278607.000,428629.000,1727881.000,623081.000,45,8.992,32,11.203,,,,,,2016,0,4sp1201,5278607.000,428629.000,1727881.000,623081.000,45,8.992,32,11.203,,,,,
2016,0,4sp1202,41247831.000,6894048.000,37462875.000,2759932.000,123,5.904,77,25.670,,,,,,2016,0,4sp1202,41247831.000,6894048.000,37462875.000,2759932.000,123,5.904,77,25.670,,,,,
2016,0,4sp1203,166737.000,61977227.000,35013.000,23814208.000,5,1.190,2,1.151,,,,,,2016,0,4sp1203,166737.000,61977227.000,35013.000,23814208.000,5,1.190,2,1.151,,,,,
2016,0,4sp1204,121442286.000,10264794.000,146707389.000,3013218.000,70,3.755,78,8.788,,,,,,2016,0,4sp1204,121442286.000,10264794.000,146707389.000,3013218.000,70,3.755,78,8.788,,,,,
2016,0,4sp1205,301561636.000,52107463.000,680397412.000,22154720.000,223,7.828,110,30.957,,,,,,2016,0,4sp1205,301561636.000,52107463.000,680397412.000,22154720.000,223,7.828,110,30.957,,,,,
2016,0,4sp1206,134070526.000,5550650.000,373912666.000,1876599.000,28,3.314,71,20.319,,,,,,2016,0,4sp1206,134070526.000,5550650.000,373912666.000,1876599.000,28,3.314,71,20.319,,,,,
2016,0,4sp1300,,4261.000,,80.000,0,,0,,,,,,,2016,0,4sp1300,,4261.000,,80.000,0,,0,,,,,,
2016,0,4sp1301,50844723.000,1605062.000,72920650.000,646207.000,43,5.666,52,17.254,,,,,,2016,0,4sp1301,50844723.000,1605062.000,72920650.000,646207.000,43,5.666,52,17.254,,,,,
2016,0,4sp1302,25265876.000,,35595114.000,,9,2.931,17,9.238,,,,,,2016,0,4sp1302,25265876.000,,35595114.000,,9,2.931,17,9.238,,,,,
2016,0,4sp1303,9611993.000,115640.000,3657155.000,97193.000,13,3.918,23,8.723,,,,,,2016,0,4sp1303,9611993.000,115640.000,3657155.000,97193.000,13,3.918,23,8.723,,,,,
2016,0,4sp1304,69471487.000,76880.000,244367710.000,280.000,4,1.419,11,7.006,,,,,,2016,0,4sp1304,69471487.000,76880.000,244367710.000,280.000,4,1.419,11,7.006,,,,,
2016,0,4sp1305,14306905.000,3682.000,27915464.000,2589.000,8,3.709,27,12.507,,,,,,2016,0,4sp1305,14306905.000,3682.000,27915464.000,2589.000,8,3.709,27,12.507,,,,,
2016,0,4sp1306,104512163.000,18690380.000,176765131.000,3660655.000,101,6.337,79,23.584,,,,,,2016,0,4sp1306,104512163.000,18690380.000,176765131.000,3660655.000,101,6.337,79,23.584,,,,,
2016,0,4sp1307,16862808.000,911500.000,41598597.000,964293.000,22,1.863,34,7.841,,,,,,2016,0,4sp1307,16862808.000,911500.000,41598597.000,964293.000,22,1.863,34,7.841,,,,,
2016,0,4sp1400,,3084.000,,183.000,0,,0,,,,,,,2016,0,4sp1400,,3084.000,,183.000,0,,0,,,,,,
2016,0,4sp1401,1584.000,25517.000,34.000,8065.000,1,1.000,1,1.000,,,,,,2016,0,4sp1401,1584.000,25517.000,34.000,8065.000,1,1.000,1,1.000,,,,,
2016,0,4sp1402,225958201.000,309516470.000,1143626830.000,942640090.000,6,1.050,15,3.381,,,,,,2016,0,4sp1402,225958201.000,309516470.000,1143626830.000,942640090.000,6,1.050,15,3.381,,,,,
2016,0,4sp1403,62981534.000,187470462.000,13411232.000,42117007.000,130,14.787,43,14.377,,,,,,2016,0,4sp1403,62981534.000,187470462.000,13411232.000,42117007.000,130,14.787,43,14.377,,,,,
2016,0,4sp1404,1653797.000,3675336.000,38185.000,164764.000,12,3.726,33,13.347,,,,,,2016,0,4sp1404,1653797.000,3675336.000,38185.000,164764.000,12,3.726,33,13.347,,,,,
2016,0,4sp1405,1570385210.000,1401236019.000,401618360.000,214264816.000,384,9.445,95,11.154,,,,,,2016,0,4sp1405,1570385210.000,1401236019.000,401618360.000,214264816.000,384,9.445,95,11.154,,,,,
2016,0,5pr0000,13983327.000,6378059.000,16187421.000,3477466.000,40,2.250,32,14.285,,,,,,2016,0,5pr0000,13983327.000,6378059.000,16187421.000,3477466.000,40,2.250,32,14.285,,,,,
2016,0,5pr0001,11834722.000,1408140.000,40605157.000,2155457.000,5,2.308,5,3.805,,,,,,2016,0,5pr0001,11834722.000,1408140.000,40605157.000,2155457.000,5,2.308,5,3.805,,,,,
2016,0,5pr0100,34693666.000,8445778.000,31737079.000,9915279.000,15,5.432,40,7.916,,,,,,2016,0,5pr0100,34693666.000,8445778.000,31737079.000,9915279.000,15,5.432,40,7.916,,,,,
2016,0,5pr0101,282753625.000,75847461.000,702936205.000,92104728.000,147,9.148,67,21.934,,,,,,2016,0,5pr0101,282753625.000,75847461.000,702936205.000,92104728.000,147,9.148,67,21.934,,,,,
2016,0,5pr0102,50164910.000,111943827.000,60440712.000,13594045.000,14,4.799,37,7.763,,,,,,2016,0,5pr0102,50164910.000,111943827.000,60440712.000,13594045.000,14,4.799,37,7.763,,,,,
2016,0,5pr0200,37523513.000,44316761.000,54772491.000,106996392.000,43,6.018,42,13.411,,,,,,2016,0,5pr0200,37523513.000,44316761.000,54772491.000,106996392.000,43,6.018,42,13.411,,,,,
2016,0,5pr0201,39758922.000,3381631.000,66528287.000,3835103.000,11,3.464,47,11.352,,,,,,2016,0,5pr0201,39758922.000,3381631.000,66528287.000,3835103.000,11,3.464,47,11.352,,,,,
2016,0,5pr0202,220905.000,,80990.000,,1,1.000,1,1.000,,,,,,2016,0,5pr0202,220905.000,,80990.000,,1,1.000,1,1.000,,,,,
2016,0,5pr0300,,262834.000,,6367.000,0,,0,,,,,,,2016,0,5pr0300,,262834.000,,6367.000,0,,0,,,,,,
2016,0,5pr0301,773307920.000,1403566614.000,689758830.000,893676758.000,504,54.959,135,18.920,,,,,,2016,0,5pr0301,773307920.000,1403566614.000,689758830.000,893676758.000,504,54.959,135,18.920,,,,,
2016,0,5pr0302,17399316.000,4273393.000,11920175.000,4373914.000,6,1.339,28,4.600,,,,,,2016,0,5pr0302,17399316.000,4273393.000,11920175.000,4373914.000,6,1.339,28,4.600,,,,,
2016,0,5pr0303,1083827474.000,357504377.000,2147483647.000,1146482900.000,29,4.225,91,9.652,,,,,,2016,0,5pr0303,1083827474.000,357504377.000,2147483647.000,1146482900.000,29,4.225,91,9.652,,,,,
2016,0,5pr0304,14158676.000,3449137.000,31133409.000,2937084.000,12,3.175,27,10.399,,,,,,2016,0,5pr0304,14158676.000,3449137.000,31133409.000,2937084.000,12,3.175,27,10.399,,,,,
2016,0,5pr0400,8673040.000,2313099.000,6417968.000,1004228.000,51,1.786,24,5.278,,,,,,2016,0,5pr0400,8673040.000,2313099.000,6417968.000,1004228.000,51,1.786,24,5.278,,,,,
2016,0,5pr0401,16839501.000,2877766.000,30463294.000,4007805.000,29,5.504,30,11.736,,,,,,2016,0,5pr0401,16839501.000,2877766.000,30463294.000,4007805.000,29,5.504,30,11.736,,,,,
2016,0,5pr0402,33265667.000,6039796.000,30846242.000,13704788.000,51,6.577,33,9.945,,,,,,2016,0,5pr0402,33265667.000,6039796.000,30846242.000,13704788.000,51,6.577,33,9.945,,,,,
2016,0,5pr0500,37026254.000,28413272.000,47884454.000,9279812.000,113,15.773,50,19.049,,,,,,2016,0,5pr0500,37026254.000,28413272.000,47884454.000,9279812.000,113,15.773,50,19.049,,,,,
2016,0,5pr0501,53689651.000,1650047.000,121600355.000,2295878.000,15,2.716,48,16.916,,,,,,2016,0,5pr0501,53689651.000,1650047.000,121600355.000,2295878.000,15,2.716,48,16.916,,,,,
2016,0,5pr0502,81937.000,,32887.000,,5,1.573,2,1.530,,,,,,2016,0,5pr0502,81937.000,,32887.000,,5,1.573,2,1.530,,,,,
2016,0,5pr0504,7225246.000,309158.000,3354304.000,160044.000,6,2.563,14,5.453,,,,,,2016,0,5pr0504,7225246.000,309158.000,3354304.000,160044.000,6,2.563,14,5.453,,,,,
2016,0,5pr0505,257949180.000,105424855.000,398690087.000,47084862.000,162,10.443,106,18.743,,,,,,2016,0,5pr0505,257949180.000,105424855.000,398690087.000,47084862.000,162,10.443,106,18.743,,,,,
2016,0,5pr0506,447479920.000,49614513.000,1599691252.000,34037500.000,177,4.223,75,11.923,,,,,,2016,0,5pr0506,447479920.000,49614513.000,1599691252.000,34037500.000,177,4.223,75,11.923,,,,,
2016,0,5pr0507,20655794.000,8109168.000,74259766.000,29573403.000,5,3.231,12,6.082,,,,,,2016,0,5pr0507,20655794.000,8109168.000,74259766.000,29573403.000,5,3.231,12,6.082,,,,,
2016,0,5pr0600,1849950.000,13512.000,1727836.000,1231.000,3,1.790,10,6.463,,,,,,2016,0,5pr0600,1849950.000,13512.000,1727836.000,1231.000,3,1.790,10,6.463,,,,,
2016,0,5pr0601,38870555.000,1324352.000,44034244.000,119688.000,18,2.817,45,17.118,,,,,,2016,0,5pr0601,38870555.000,1324352.000,44034244.000,119688.000,18,2.817,45,17.118,,,,,
2016,0,5pr0602,8522105.000,176495.000,16456038.000,122655.000,9,1.330,14,5.633,,,,,,2016,0,5pr0602,8522105.000,176495.000,16456038.000,122655.000,9,1.330,14,5.633,,,,,
2016,0,5pr0603,37893039.000,19173183.000,43370866.000,2803710.000,23,4.931,40,11.733,,,,,,2016,0,5pr0603,37893039.000,19173183.000,43370866.000,2803710.000,23,4.931,40,11.733,,,,,
2016,0,5pr0604,4739953.000,1566431.000,2977590.000,659469.000,25,1.437,11,3.360,,,,,,2016,0,5pr0604,4739953.000,1566431.000,2977590.000,659469.000,25,1.437,11,3.360,,,,,
2016,0,5pr0700,146619306.000,42028691.000,187837055.000,71101054.000,86,6.600,63,19.924,,,,,,2016,0,5pr0700,146619306.000,42028691.000,187837055.000,71101054.000,86,6.600,63,19.924,,,,,
2016,0,5pr0701,106083469.000,74675212.000,153723690.000,133213397.000,499,28.911,50,9.972,,,,,,2016,0,5pr0701,106083469.000,74675212.000,153723690.000,133213397.000,499,28.911,50,9.972,,,,,
2016,0,5pr0702,96092572.000,42349207.000,157929437.000,98990879.000,144,7.449,40,13.923,,,,,,2016,0,5pr0702,96092572.000,42349207.000,157929437.000,98990879.000,144,7.449,40,13.923,,,,,
2016,0,5pr0800,10721193.000,6167971.000,12037541.000,5381840.000,28,6.375,38,20.935,,,,,,2016,0,5pr0800,10721193.000,6167971.000,12037541.000,5381840.000,28,6.375,38,20.935,,,,,
2016,0,5pr0801,9957300.000,928866.000,17143110.000,1298664.000,9,3.083,39,12.544,,,,,,2016,0,5pr0801,9957300.000,928866.000,17143110.000,1298664.000,9,3.083,39,12.544,,,,,
2016,0,5pr0802,2785967.000,64830.000,5569038.000,2318.000,7,2.992,19,7.799,,,,,,2016,0,5pr0802,2785967.000,64830.000,5569038.000,2318.000,7,2.992,19,7.799,,,,,
2016,0,5pr0803,11033413.000,982823.000,16789324.000,422191.000,11,3.480,32,6.989,,,,,,2016,0,5pr0803,11033413.000,982823.000,16789324.000,422191.000,11,3.480,32,6.989,,,,,
2016,0,5pr0900,2219489.000,2850354.000,2896612.000,3643462.000,8,5.358,12,8.558,,,,,,2016,0,5pr0900,2219489.000,2850354.000,2896612.000,3643462.000,8,5.358,12,8.558,,,,,
2016,0,5pr0901,3399420.000,20563916.000,2039836.000,34900971.000,23,4.489,17,7.295,,,,,,2016,0,5pr0901,3399420.000,20563916.000,2039836.000,34900971.000,23,4.489,17,7.295,,,,,
2016,0,5pr0902,42669232.000,13385179.000,52491486.000,5262487.000,21,2.693,41,13.665,,,,,,2016,0,5pr0902,42669232.000,13385179.000,52491486.000,5262487.000,21,2.693,41,13.665,,,,,
2016,0,5rs0000,1267910.000,405348.000,720727.000,426514.000,6,1.315,12,6.261,,,,,,2016,0,5rs0000,1267910.000,405348.000,720727.000,426514.000,6,1.315,12,6.261,,,,,
2016,0,5rs0001,22303770.000,4461911.000,10669095.000,3602887.000,59,6.446,31,14.040,,,,,,2016,0,5rs0001,22303770.000,4461911.000,10669095.000,3602887.000,59,6.446,31,14.040,,,,,
2016,0,5rs0002,349540.000,,1000000.000,,1,1.000,1,1.000,,,,,,2016,0,5rs0002,349540.000,,1000000.000,,1,1.000,1,1.000,,,,,
2016,0,5rs0100,2978668.000,886864.000,7606328.000,214314.000,15,3.975,16,5.223,,,,,,2016,0,5rs0100,2978668.000,886864.000,7606328.000,214314.000,15,3.975,16,5.223,,,,,
2016,0,5rs0101,72582513.000,15865201.000,43782371.000,7250303.000,106,17.335,95,23.732,,,,,,2016,0,5rs0101,72582513.000,15865201.000,43782371.000,7250303.000,106,17.335,95,23.732,,,,,
2016,0,5rs0102,298036319.000,23646911.000,79159914.000,11376459.000,142,1.589,83,24.740,,,,,,2016,0,5rs0102,298036319.000,23646911.000,79159914.000,11376459.000,142,1.589,83,24.740,,,,,
2016,0,5rs0200,8091064.000,1110727.000,12592034.000,613297.000,11,3.151,37,8.716,,,,,,2016,0,5rs0200,8091064.000,1110727.000,12592034.000,613297.000,11,3.151,37,8.716,,,,,
2016,0,5rs0201,70553798.000,23256247.000,8770798.000,9725766.000,142,6.550,97,29.886,,,,,,2016,0,5rs0201,70553798.000,23256247.000,8770798.000,9725766.000,142,6.550,97,29.886,,,,,
2016,0,5rs0202,131339170.000,49314526.000,75778543.000,10342662.000,141,12.582,113,34.449,,,,,,2016,0,5rs0202,131339170.000,49314526.000,75778543.000,10342662.000,141,12.582,113,34.449,,,,,
2016,0,5rs0203,6446203.000,1073895.000,7261631.000,370680.000,21,4.671,27,14.442,,,,,,2016,0,5rs0203,6446203.000,1073895.000,7261631.000,370680.000,21,4.671,27,14.442,,,,,
2016,0,5rs0204,819584546.000,849746434.000,1303119978.000,749128914.000,517,32.975,142,23.765,,,,,,2016,0,5rs0204,819584546.000,849746434.000,1303119978.000,749128914.000,517,32.975,142,23.765,,,,,
2016,0,5rs0205,351696478.000,337349303.000,402686603.000,840614901.000,38,4.417,51,15.686,,,,,,2016,0,5rs0205,351696478.000,337349303.000,402686603.000,840614901.000,38,4.417,51,15.686,,,,,
2016,0,5rs0300,229077444.000,113172468.000,132596240.000,49721222.000,423,53.335,132,28.511,,,,,,2016,0,5rs0300,229077444.000,113172468.000,132596240.000,49721222.000,423,53.335,132,28.511,,,,,
2016,0,5rs0301,45166775.000,10415648.000,22100677.000,7263785.000,66,8.191,62,20.897,,,,,,2016,0,5rs0301,45166775.000,10415648.000,22100677.000,7263785.000,66,8.191,62,20.897,,,,,
2016,0,5rs0302,17800281.000,9552436.000,30828967.000,10133630.000,42,4.880,41,19.746,,,,,,2016,0,5rs0302,17800281.000,9552436.000,30828967.000,10133630.000,42,4.880,41,19.746,,,,,
2016,0,5rs0400,43006.000,6505897.000,11086.000,2485605.000,8,4.328,3,2.112,,,,,,2016,0,5rs0400,43006.000,6505897.000,11086.000,2485605.000,8,4.328,3,2.112,,,,,
2016,0,5rs0401,239550.000,10401425.000,81064.000,36222970.000,2,1.397,1,1.000,,,,,,2016,0,5rs0401,239550.000,10401425.000,81064.000,36222970.000,2,1.397,1,1.000,,,,,
2016,0,5rs0402,67387117.000,790774.000,195336482.000,205426.000,24,3.581,19,5.115,,,,,,2016,0,5rs0402,67387117.000,790774.000,195336482.000,205426.000,24,3.581,19,5.115,,,,,
2016,0,5rs0403,17531535.000,5257595.000,6166124.000,6206719.000,61,7.715,46,11.177,,,,,,2016,0,5rs0403,17531535.000,5257595.000,6166124.000,6206719.000,61,7.715,46,11.177,,,,,
2016,0,5rs0404,6173313.000,276355.000,3442185.000,216930.000,11,3.352,24,9.030,,,,,,2016,0,5rs0404,6173313.000,276355.000,3442185.000,216930.000,11,3.352,24,9.030,,,,,
2016,0,5rs0405,8069093.000,5731781.000,2786524.000,6620096.000,70,8.777,24,10.797,,,,,,2016,0,5rs0405,8069093.000,5731781.000,2786524.000,6620096.000,70,8.777,24,10.797,,,,,
2016,0,5rs0406,5009876.000,3260696.000,7509401.000,133314.000,68,5.806,24,7.253,,,,,,2016,0,5rs0406,5009876.000,3260696.000,7509401.000,133314.000,68,5.806,24,7.253,,,,,
2016,0,5rs0407,76070694.000,39245194.000,169923985.000,90865695.000,120,9.698,88,27.466,,,,,,2016,0,5rs0407,76070694.000,39245194.000,169923985.000,90865695.000,120,9.698,88,27.466,,,,,
2016,0,5rs0408,388719.000,119441.000,244160.000,31005.000,1,1.000,2,1.960,,,,,,2016,0,5rs0408,388719.000,119441.000,244160.000,31005.000,1,1.000,2,1.960,,,,,
2016,0,5rs0409,16291534.000,7362402.000,9201401.000,7838583.000,28,2.843,17,4.678,,,,,,2016,0,5rs0409,16291534.000,7362402.000,9201401.000,7838583.000,28,2.843,17,4.678,,,,,
2016,0,5rs0410,23060220.000,2230401.000,13432844.000,5545109.000,25,1.947,19,6.040,,,,,,2016,0,5rs0410,23060220.000,2230401.000,13432844.000,5545109.000,25,1.947,19,6.040,,,,,
2016,0,5rs0411,9769762.000,601539.000,2070062.000,202157.000,8,1.485,27,7.034,,,,,,2016,0,5rs0411,9769762.000,601539.000,2070062.000,202157.000,8,1.485,27,7.034,,,,,
2016,0,5rs0412,19626434.000,14889034.000,3678512.000,1391071.000,35,3.207,27,8.333,,,,,,2016,0,5rs0412,19626434.000,14889034.000,3678512.000,1391071.000,35,3.207,27,8.333,,,,,
2016,0,5rs0500,1281690.000,28560.000,4533193.000,308000.000,95,14.727,2,1.141,,,,,,2016,0,5rs0500,1281690.000,28560.000,4533193.000,308000.000,95,14.727,2,1.141,,,,,
2016,0,5rs0501,309104563.000,209481032.000,1053921753.000,769798749.000,50,8.065,62,19.785,,,,,,2016,0,5rs0501,309104563.000,209481032.000,1053921753.000,769798749.000,50,8.065,62,19.785,,,,,
2016,0,5rs0502,15550593.000,10075956.000,29130623.000,20880496.000,61,3.372,35,11.539,,,,,,2016,0,5rs0502,15550593.000,10075956.000,29130623.000,20880496.000,61,3.372,35,11.539,,,,,
2016,0,5rs0503,517182.000,221235.000,4994212.000,153089.000,6,3.300,12,4.451,,,,,,2016,0,5rs0503,517182.000,221235.000,4994212.000,153089.000,6,3.300,12,4.451,,,,,
2016,0,5rs0600,12976719.000,8831913.000,11101633.000,3103842.000,41,6.196,11,3.639,,,,,,2016,0,5rs0600,12976719.000,8831913.000,11101633.000,3103842.000,41,6.196,11,3.639,,,,,
2016,0,5rs0601,44443841.000,2016247.000,12302633.000,2504444.000,40,5.241,49,12.378,,,,,,2016,0,5rs0601,44443841.000,2016247.000,12302633.000,2504444.000,40,5.241,49,12.378,,,,,
2016,0,5rs0602,6072653.000,3206139.000,9640646.000,6356707.000,20,4.496,17,6.511,,,,,,2016,0,5rs0602,6072653.000,3206139.000,9640646.000,6356707.000,20,4.496,17,6.511,,,,,
2016,0,5sc0000,30556941.000,268770239.000,78961428.000,78850952.000,142,13.475,69,12.284,,,,,,2016,0,5sc0000,30556941.000,268770239.000,78961428.000,78850952.000,142,13.475,69,12.284,,,,,
2016,0,5sc0001,869576.000,,197040.000,,3,1.656,6,2.957,,,,,,2016,0,5sc0001,869576.000,,197040.000,,3,1.656,6,2.957,,,,,
2016,0,5sc0002,11114267.000,17606545.000,16008347.000,10997618.000,49,3.823,64,24.302,,,,,,2016,0,5sc0002,11114267.000,17606545.000,16008347.000,10997618.000,49,3.823,64,24.302,,,,,
2016,0,5sc0100,49824002.000,4633304.000,65334899.000,12878552.000,38,10.283,66,23.038,,,,,,2016,0,5sc0100,49824002.000,4633304.000,65334899.000,12878552.000,38,10.283,66,23.038,,,,,
2016,0,5sc0101,496542264.000,553989343.000,608933179.000,325219395.000,393,17.719,114,19.796,,,,,,2016,0,5sc0101,496542264.000,553989343.000,608933179.000,325219395.000,393,17.719,114,19.796,,,,,
2016,0,5sc0102,49133360.000,8648159.000,50718789.000,3018646.000,71,5.110,50,8.894,,,,,,2016,0,5sc0102,49133360.000,8648159.000,50718789.000,3018646.000,71,5.110,50,8.894,,,,,
2016,0,5sc0200,18962848.000,15222079.000,8801309.000,10632545.000,92,10.885,38,8.525,,,,,,2016,0,5sc0200,18962848.000,15222079.000,8801309.000,10632545.000,92,10.885,38,8.525,,,,,
2016,0,5sc0201,56413102.000,4247138.000,29405007.000,2705919.000,15,4.095,49,15.597,,,,,,2016,0,5sc0201,56413102.000,4247138.000,29405007.000,2705919.000,15,4.095,49,15.597,,,,,
2016,0,5sc0202,64777417.000,32949899.000,51777113.000,17517199.000,73,14.402,79,15.695,,,,,,2016,0,5sc0202,64777417.000,32949899.000,51777113.000,17517199.000,73,14.402,79,15.695,,,,,
2016,0,5sc0203,27792621.000,16773791.000,22379355.000,22235491.000,39,4.948,42,11.573,,,,,,2016,0,5sc0203,27792621.000,16773791.000,22379355.000,22235491.000,39,4.948,42,11.573,,,,,
2016,0,5sc0204,5064612.000,2384458.000,3917632.000,7284766.000,16,3.777,22,7.880,,,,,,2016,0,5sc0204,5064612.000,2384458.000,3917632.000,7284766.000,16,3.777,22,7.880,,,,,
2016,0,5sc0300,73665663.000,13111743.000,86849104.000,10200680.000,56,8.361,49,13.746,,,,,,2016,0,5sc0300,73665663.000,13111743.000,86849104.000,10200680.000,56,8.361,49,13.746,,,,,
2016,0,5sc0301,28589170.000,2021011.000,51941218.000,947450.000,27,6.677,59,19.788,,,,,,2016,0,5sc0301,28589170.000,2021011.000,51941218.000,947450.000,27,6.677,59,19.788,,,,,
2016,0,5sc0400,31882278.000,659622.000,14734568.000,317702.000,29,4.240,42,12.575,,,,,,2016,0,5sc0400,31882278.000,659622.000,14734568.000,317702.000,29,4.240,42,12.575,,,,,
2016,0,5sc0401,65152052.000,41789479.000,84389313.000,21634274.000,149,5.791,80,22.975,,,,,,2016,0,5sc0401,65152052.000,41789479.000,84389313.000,21634274.000,149,5.791,80,22.975,,,,,
2016,0,5sc0402,13187546.000,33810916.000,13472604.000,88562567.000,103,17.394,55,13.607,,,,,,2016,0,5sc0402,13187546.000,33810916.000,13472604.000,88562567.000,103,17.394,55,13.607,,,,,
2016,0,5sc0500,172926184.000,189904686.000,41476264.000,111980578.000,319,13.292,98,22.057,,,,,,2016,0,5sc0500,172926184.000,189904686.000,41476264.000,111980578.000,319,13.292,98,22.057,,,,,
2016,0,5sc0501,672820795.000,1099047936.000,455089956.000,542651894.000,213,5.106,131,25.546,,,,,,2016,0,5sc0501,672820795.000,1099047936.000,455089956.000,542651894.000,213,5.106,131,25.546,,,,,
2016,0,5sc0502,1114080.000,1231158.000,572374.000,2607136.000,7,1.380,9,3.977,,,,,,2016,0,5sc0502,1114080.000,1231158.000,572374.000,2607136.000,7,1.380,9,3.977,,,,,
2016,0,5sc0503,41466706.000,5912837.000,31526997.000,2243934.000,60,5.987,65,15.936,,,,,,2016,0,5sc0503,41466706.000,5912837.000,31526997.000,2243934.000,60,5.987,65,15.936,,,,,
